1;1;Xintong_HUANG_GENDER_Female_COUNTRY_China_BIRTHDAY_26_January_1987_AGE_27_HEIGHT_1.65_m_WEIGHT_-1_SPORT_Figure_Skating.jpg
2;0;Hyun_Yung_KIM_GENDER_Female_COUNTRY_Korea_BIRTHDAY_19_October_1994_AGE_19_HEIGHT_1.67_m_WEIGHT_56_kg_SPORT_Speed_Skating.jpg
3;0;Irene_CADURISCH_GENDER_Female_COUNTRY_Switzerland_BIRTHDAY_23_October_1991_AGE_22_HEIGHT_1.64_m_WEIGHT_60_kg_SPORT_Biathlon.jpg
4;0;Barbara_WIRTH_GENDER_Female_COUNTRY_Germany_BIRTHDAY_16_September_1989_AGE_24_HEIGHT_1.70_m_WEIGHT_67_kg_SPORT_Alpine_Skiing.jpg
5;0;Kali_CHRIST_GENDER_Female_COUNTRY_Canada_BIRTHDAY_9_November_1991_AGE_22_HEIGHT_1.70_m_WEIGHT_65_kg_SPORT_Speed_Skating.jpg
6;0;Federica_BRIGNONE_GENDER_Female_COUNTRY_Italy_BIRTHDAY_14_July_1990_AGE_23_HEIGHT_1.68_m_WEIGHT_57_kg_SPORT_Alpine_Skiing.jpg
7;0;Shoko_FUJIMURA_GENDER_Female_COUNTRY_Japan_BIRTHDAY_26_April_1987_AGE_26_HEIGHT_1.54_m_WEIGHT_50_kg_SPORT_Speed_Skating.jpg
8;0;Alexandra_TAYLOR_GENDER_Female_COUNTRY_Cyprus_BIRTHDAY_4_May_1994_AGE_19_HEIGHT_1.74_m_WEIGHT_64_kg_SPORT_Alpine_Skiing.jpg
9;1;Nelly_MOENNE_LOCCOZ_GENDER_Female_COUNTRY_France_BIRTHDAY_9_April_1990_AGE_23_HEIGHT_1.66_m_WEIGHT_58_kg_SPORT_Snowboard.jpg
10;0;Jitka_LANDOVA_GENDER_Female_COUNTRY_Czech_Republic_BIRTHDAY_20_July_1990_AGE_23_HEIGHT_1.70_m_WEIGHT_57_kg_SPORT_Biathlon.jpg
11;1;Alexandra_JEKOVA_GENDER_Female_COUNTRY_Bulgaria_BIRTHDAY_5_October_1987_AGE_26_HEIGHT_1.67_m_WEIGHT_63_kg_SPORT_Snowboard.jpg
12;0;Tanja_SCHAERER_GENDER_Female_COUNTRY_Switzerland_BIRTHDAY_17_June_1989_AGE_24_HEIGHT_1.67_m_WEIGHT_59_kg_SPORT_Freestyle_Skiing.jpg
13;0;Hee-Jin_PARK_GENDER_Female_COUNTRY_Korea_BIRTHDAY_12_April_1979_AGE_34_HEIGHT_1.59_m_WEIGHT_50_kg_SPORT_Freestyle_Skiing.jpg
14;0;Kelli_STACK_GENDER_Female_COUNTRY_United_States_BIRTHDAY_13_January_1988_AGE_26_HEIGHT_1.65_m_WEIGHT_62_kg_SPORT_Ice_Hockey.jpg
15;1;Julia_FORD_GENDER_Female_COUNTRY_United_States_BIRTHDAY_30_March_1990_AGE_23_HEIGHT_1.78_m_WEIGHT_74_kg_SPORT_Alpine_Skiing.jpg
16;1;Erika_GRAHM_GENDER_Female_COUNTRY_Sweden_BIRTHDAY_26_January_1991_AGE_23_HEIGHT_1.74_m_WEIGHT_70_kg_SPORT_Ice_Hockey.jpg
17;1;Ekaterina_STOLYAROVA_GENDER_Female_COUNTRY_Russian_Fed._BIRTHDAY_25_April_1988_AGE_25_HEIGHT_1.76_m_WEIGHT_55_kg_SPORT_Freestyle_Skiing.jpg
18;0;Anna_SHOKHINA_GENDER_Female_COUNTRY_Russian_Fed._BIRTHDAY_23_June_1997_AGE_16_HEIGHT_1.63_m_WEIGHT_60_kg_SPORT_Ice_Hockey.jpg
19;0;Selina_JOERG_GENDER_Female_COUNTRY_Germany_BIRTHDAY_24_January_1988_AGE_26_HEIGHT_1.74_m_WEIGHT_63_kg_SPORT_Snowboard.jpg
20;1;Kaho_ONODERA_GENDER_Female_COUNTRY_Japan_BIRTHDAY_11_November_1991_AGE_22_HEIGHT_1.64_m_WEIGHT_-1_SPORT_Curling.jpg
21;1;Elise_CHRISTIE_GENDER_Female_COUNTRY_Great_Britain_BIRTHDAY_13_August_1990_AGE_23_HEIGHT_1.64_m_WEIGHT_58_kg_SPORT_Short_Track.jpg
22;0;Azusa_NAKAOKU_GENDER_Female_COUNTRY_Japan_BIRTHDAY_17_May_1985_AGE_28_HEIGHT_1.57_m_WEIGHT_53_kg_SPORT_Ice_Hockey.jpg
23;0;Hedvig_WESSEL_GENDER_Female_COUNTRY_Norway_BIRTHDAY_25_August_1995_AGE_18_HEIGHT_-1_WEIGHT_-1_SPORT_Freestyle_Skiing.jpg
24;1;Jennifer_JONES_GENDER_Female_COUNTRY_Canada_BIRTHDAY_7_July_1974_AGE_39_HEIGHT_1.73_m_WEIGHT_-1_SPORT_Curling.jpg
25;1;Ksenia_ALOPINA_GENDER_Female_COUNTRY_Russian_Fed._BIRTHDAY_30_May_1992_AGE_21_HEIGHT_1.65_m_WEIGHT_62_kg_SPORT_Alpine_Skiing.jpg
26;1;Elena_YAKOVISHINA_GENDER_Female_COUNTRY_Russian_Fed._BIRTHDAY_17_September_1992_AGE_21_HEIGHT_1.70_m_WEIGHT_65_kg_SPORT_Alpine_Skiing.jpg
27;0;Maria_WENNERSTROEM_GENDER_Female_COUNTRY_Sweden_BIRTHDAY_10_April_1985_AGE_28_HEIGHT_1.67_m_WEIGHT_-1_SPORT_Curling.jpg
28;1;Agnese_ABOLTINA_GENDER_Female_COUNTRY_Latvia_BIRTHDAY_7_February_1996_AGE_18_HEIGHT_1.66_m_WEIGHT_60_kg_SPORT_Alpine_Skiing.jpg
29;0;Zoe_GILLINGS_GENDER_Female_COUNTRY_Great_Britain_BIRTHDAY_14_June_1985_AGE_28_HEIGHT_1.68_m_WEIGHT_65_kg_SPORT_Snowboard.jpg
30;1;Alex_CARPENTER_GENDER_Female_COUNTRY_United_States_BIRTHDAY_13_April_1994_AGE_19_HEIGHT_1.69_m_WEIGHT_68_kg_SPORT_Ice_Hockey.jpg
31;1;Anna_ROKITA_GENDER_Female_COUNTRY_Austria_BIRTHDAY_30_January_1986_AGE_28_HEIGHT_1.73_m_WEIGHT_63_kg_SPORT_Speed_Skating.jpg
32;0;Victoria_SINITSINA_GENDER_Female_COUNTRY_Russian_Fed._BIRTHDAY_29_April_1995_AGE_18_HEIGHT_1.66_m_WEIGHT_-1_SPORT_Figure_Skating.jpg
33;1;Marlies_SCHILD_GENDER_Female_COUNTRY_Austria_BIRTHDAY_31_May_1981_AGE_32_HEIGHT_1.72_m_WEIGHT_65_kg_SPORT_Alpine_Skiing.jpg
34;1;Lara_GUT_GENDER_Female_COUNTRY_Switzerland_BIRTHDAY_27_April_1991_AGE_22_HEIGHT_1.60_m_WEIGHT_58_kg_SPORT_Alpine_Skiing.jpg
35;1;Regina_RAKHIMOVA_GENDER_Female_COUNTRY_Russian_Fed._BIRTHDAY_22_September_1989_AGE_24_HEIGHT_1.60_m_WEIGHT_55_kg_SPORT_Freestyle_Skiing.jpg
36;0;Monika_HOJNISZ_GENDER_Female_COUNTRY_Poland_BIRTHDAY_27_August_1991_AGE_22_HEIGHT_1.70_m_WEIGHT_51_kg_SPORT_Biathlon.jpg
37;1;Olga_VILUKHINA_GENDER_Female_COUNTRY_Russian_Fed._BIRTHDAY_22_March_1988_AGE_25_HEIGHT_1.72_m_WEIGHT_65_kg_SPORT_Biathlon.jpg
38;1;Debbie_MCCORMICK_GENDER_Female_COUNTRY_United_States_BIRTHDAY_8_January_1974_AGE_40_HEIGHT_1.70_m_WEIGHT_-1_SPORT_Curling.jpg
39;0;Fabienne_MEYER_GENDER_Female_COUNTRY_Switzerland_BIRTHDAY_28_November_1981_AGE_32_HEIGHT_1.68_m_WEIGHT_70_kg_SPORT_Bobsleigh.jpg
40;1;Yuka_HIRANO_GENDER_Female_COUNTRY_Japan_BIRTHDAY_26_January_1987_AGE_27_HEIGHT_1.57_m_WEIGHT_52_kg_SPORT_Ice_Hockey.jpg
41;0;Maria_PIETILAE-HOLMNER_GENDER_Female_COUNTRY_Sweden_BIRTHDAY_25_July_1986_AGE_27_HEIGHT_1.70_m_WEIGHT_63_kg_SPORT_Alpine_Skiing.jpg
42;0;Christine_NESBITT_GENDER_Female_COUNTRY_Canada_BIRTHDAY_17_May_1985_AGE_28_HEIGHT_1.71_m_WEIGHT_68_kg_SPORT_Speed_Skating.jpg
43;0;Dominique_MALTAIS_GENDER_Female_COUNTRY_Canada_BIRTHDAY_9_November_1980_AGE_33_HEIGHT_1.78_m_WEIGHT_71_kg_SPORT_Snowboard.jpg
44;0;Mireia_GUTIERREZ_GENDER_Female_COUNTRY_Andorra_BIRTHDAY_9_October_1988_AGE_25_HEIGHT_1.65_m_WEIGHT_60_kg_SPORT_Alpine_Skiing.jpg
45;1;Nkeiruka_EZEKH_GENDER_Female_COUNTRY_Russian_Fed._BIRTHDAY_17_October_1983_AGE_30_HEIGHT_1.78_m_WEIGHT_-1_SPORT_Curling.jpg
46;0;Aurore_JEAN_GENDER_Female_COUNTRY_France_BIRTHDAY_25_June_1985_AGE_28_HEIGHT_1.75_m_WEIGHT_61_kg_SPORT_Cross-Country.jpg
47;0;Barbara_JEZERSEK_GENDER_Female_COUNTRY_Slovenia_BIRTHDAY_31_October_1986_AGE_27_HEIGHT_1.60_m_WEIGHT_55_kg_SPORT_Cross-Country.jpg
48;0;Nadiya_MOKHNATSKA_GENDER_Female_COUNTRY_Ukraine_BIRTHDAY_18_October_1995_AGE_18_HEIGHT_1.60_m_WEIGHT_51_kg_SPORT_Freestyle_Skiing.jpg
49;0;Cathleen_MARTINI_GENDER_Female_COUNTRY_Germany_BIRTHDAY_27_May_1982_AGE_31_HEIGHT_1.70_m_WEIGHT_70_kg_SPORT_Bobsleigh.jpg
50;1;Andrea_HENKEL_GENDER_Female_COUNTRY_Germany_BIRTHDAY_10_December_1977_AGE_36_HEIGHT_1.58_m_WEIGHT_49_kg_SPORT_Biathlon.jpg
51;0;Laura_FORTINO_GENDER_Female_COUNTRY_Canada_BIRTHDAY_30_January_1991_AGE_23_HEIGHT_1.64_m_WEIGHT_62_kg_SPORT_Ice_Hockey.jpg
52;1;Olga_POLYUK_GENDER_Female_COUNTRY_Ukraine_BIRTHDAY_15_September_1987_AGE_26_HEIGHT_1.61_m_WEIGHT_55_kg_SPORT_Freestyle_Skiing.jpg
53;1;Ekaterina_GLAZYRINA_GENDER_Female_COUNTRY_Russian_Fed._BIRTHDAY_22_April_1987_AGE_26_HEIGHT_1.65_m_WEIGHT_57_kg_SPORT_Biathlon.jpg
54;0;Inna_SIMONOVA_GENDER_Female_COUNTRY_Kazakhstan_BIRTHDAY_30_September_1990_AGE_23_HEIGHT_1.54_m_WEIGHT_48_kg_SPORT_Short_Track.jpg
55;0;Philomena_BAIR_GENDER_Female_COUNTRY_Austria_BIRTHDAY_24_February_1996_AGE_17_HEIGHT_1.70_m_WEIGHT_62_kg_SPORT_Freestyle_Skiing.jpg
56;0;Triin_TOBI_GENDER_Female_COUNTRY_Estonia_BIRTHDAY_3_June_1995_AGE_18_HEIGHT_1.60_m_WEIGHT_64_kg_SPORT_Alpine_Skiing.jpg
57;0;Brianne_MCLAUGHLIN_GENDER_Female_COUNTRY_United_States_BIRTHDAY_20_June_1987_AGE_26_HEIGHT_1.74_m_WEIGHT_60_kg_SPORT_Ice_Hockey.jpg
58;1;Josefine_HOLMGREN_GENDER_Female_COUNTRY_Sweden_BIRTHDAY_11_April_1993_AGE_20_HEIGHT_1.73_m_WEIGHT_68_kg_SPORT_Ice_Hockey.jpg
59;0;Aimee_FULLER_GENDER_Female_COUNTRY_Great_Britain_BIRTHDAY_21_July_1991_AGE_22_HEIGHT_1.63_m_WEIGHT_61_kg_SPORT_Snowboard.jpg
60;1;Lara_STALDER_GENDER_Female_COUNTRY_Switzerland_BIRTHDAY_15_May_1994_AGE_19_HEIGHT_1.66_m_WEIGHT_60_kg_SPORT_Ice_Hockey.jpg
61;0;Michela_MOIOLI_GENDER_Female_COUNTRY_Italy_BIRTHDAY_17_July_1995_AGE_18_HEIGHT_1.73_m_WEIGHT_65_kg_SPORT_Snowboard.jpg
62;1;Julie_ZOGG_GENDER_Female_COUNTRY_Switzerland_BIRTHDAY_1_October_1992_AGE_21_HEIGHT_1.60_m_WEIGHT_57_kg_SPORT_Snowboard.jpg
63;0;Sofia_ENGSTROM_GENDER_Female_COUNTRY_Sweden_BIRTHDAY_3_July_1988_AGE_25_HEIGHT_1.63_m_WEIGHT_63_kg_SPORT_Ice_Hockey.jpg
64;1;Hanna_FALK_GENDER_Female_COUNTRY_Sweden_BIRTHDAY_5_July_1989_AGE_24_HEIGHT_1.67_m_WEIGHT_65_kg_SPORT_Cross-Country.jpg
65;0;Raluca_STRAMATURARU_GENDER_Female_COUNTRY_Romania_BIRTHDAY_22_November_1985_AGE_28_HEIGHT_1.74_m_WEIGHT_74_kg_SPORT_Luge.jpg
66;0;Elin_MATTSSON_GENDER_Female_COUNTRY_Sweden_BIRTHDAY_21_September_1986_AGE_27_HEIGHT_1.65_m_WEIGHT_61_kg_SPORT_Biathlon.jpg
67;1;Kadri_LEHTLA_GENDER_Female_COUNTRY_Estonia_BIRTHDAY_3_May_1985_AGE_28_HEIGHT_1.58_m_WEIGHT_55_kg_SPORT_Biathlon.jpg
68;0;Hongxue_LI_GENDER_Female_COUNTRY_China_BIRTHDAY_9_March_1984_AGE_29_HEIGHT_1.60_m_WEIGHT_52_kg_SPORT_Cross-Country.jpg
69;1;Kelsey_SERWA_GENDER_Female_COUNTRY_Canada_BIRTHDAY_1_September_1989_AGE_24_HEIGHT_1.68_m_WEIGHT_65_kg_SPORT_Freestyle_Skiing.jpg
70;0;Pernelle_CARRON_GENDER_Female_COUNTRY_France_BIRTHDAY_20_August_1986_AGE_27_HEIGHT_1.60_m_WEIGHT_-1_SPORT_Figure_Skating.jpg
71;1;Petra_VLHOVA_GENDER_Female_COUNTRY_Slovakia_BIRTHDAY_13_June_1995_AGE_18_HEIGHT_1.80_m_WEIGHT_73_kg_SPORT_Alpine_Skiing.jpg
72;0;Vendula_KOTENOVA_GENDER_Female_COUNTRY_Czech_Republic_BIRTHDAY_6_November_1994_AGE_19_HEIGHT_1.68_m_WEIGHT_65_kg_SPORT_Luge.jpg
73;1;Corinna_BOCCACINI_GENDER_Female_COUNTRY_Italy_BIRTHDAY_10_March_1985_AGE_28_HEIGHT_1.73_m_WEIGHT_83_kg_SPORT_Snowboard.jpg
74;0;Brita_SIGOURNEY_GENDER_Female_COUNTRY_United_States_BIRTHDAY_17_January_1990_AGE_24_HEIGHT_1.70_m_WEIGHT_54_kg_SPORT_Freestyle_Skiing.jpg
75;1;Rui_UKITA_GENDER_Female_COUNTRY_Japan_BIRTHDAY_6_June_1996_AGE_17_HEIGHT_1.68_m_WEIGHT_71_kg_SPORT_Ice_Hockey.jpg
76;1;Nadezhda_SERGEEVA_GENDER_Female_COUNTRY_Russian_Fed._BIRTHDAY_13_June_1987_AGE_26_HEIGHT_1.74_m_WEIGHT_70_kg_SPORT_Bobsleigh.jpg
77;0;Genevieve_LACASSE_GENDER_Female_COUNTRY_Canada_BIRTHDAY_5_May_1989_AGE_24_HEIGHT_1.73_m_WEIGHT_64_kg_SPORT_Ice_Hockey.jpg
78;0;Kim_MARTIN_HASSON_GENDER_Female_COUNTRY_Sweden_BIRTHDAY_28_February_1986_AGE_27_HEIGHT_1.66_m_WEIGHT_68_kg_SPORT_Ice_Hockey.jpg
79;0;Antoinette_DE_JONG_GENDER_Female_COUNTRY_Netherlands_BIRTHDAY_6_April_1995_AGE_18_HEIGHT_1.73_m_WEIGHT_68_kg_SPORT_Speed_Skating.jpg
80;1;Silje_NORENDAL_GENDER_Female_COUNTRY_Norway_BIRTHDAY_1_September_1993_AGE_20_HEIGHT_-1_WEIGHT_-1_SPORT_Snowboard.jpg
81;0;Alexandra_SAITOVA_GENDER_Female_COUNTRY_Russian_Fed._BIRTHDAY_20_August_1992_AGE_21_HEIGHT_1.67_m_WEIGHT_-1_SPORT_Curling.jpg
82;0;Shin_Young_YANG_GENDER_Female_COUNTRY_Korea_BIRTHDAY_8_November_1990_AGE_23_HEIGHT_1.68_m_WEIGHT_58_kg_SPORT_Speed_Skating.jpg
83;1;Spela_ROGELJ_GENDER_Female_COUNTRY_Slovenia_BIRTHDAY_8_November_1994_AGE_19_HEIGHT_1.64_m_WEIGHT_55_kg_SPORT_Ski_Jumping.jpg
84;0;Angelina_GONCHARENKO_GENDER_Female_COUNTRY_Russian_Fed._BIRTHDAY_23_May_1994_AGE_19_HEIGHT_1.67_m_WEIGHT_53_kg_SPORT_Ice_Hockey.jpg
85;1;Karin_OBERHOFER_GENDER_Female_COUNTRY_Italy_BIRTHDAY_3_November_1985_AGE_28_HEIGHT_1.64_m_WEIGHT_55_kg_SPORT_Biathlon.jpg
86;0;Julia_ZORN_GENDER_Female_COUNTRY_Germany_BIRTHDAY_6_February_1990_AGE_24_HEIGHT_1.70_m_WEIGHT_73_kg_SPORT_Ice_Hockey.jpg
87;1;Helga_Maria_VILHJALMSDOTTIR_GENDER_Female_COUNTRY_Iceland_BIRTHDAY_25_April_1995_AGE_18_HEIGHT_1.71_m_WEIGHT_-1_SPORT_Alpine_Skiing.jpg
88;1;Queralt_CASTELLET_GENDER_Female_COUNTRY_Spain_BIRTHDAY_17_June_1989_AGE_24_HEIGHT_1.56_m_WEIGHT_53_kg_SPORT_Snowboard.jpg
89;0;Suela_MEHILLI_GENDER_Female_COUNTRY_Albania_BIRTHDAY_28_January_1994_AGE_20_HEIGHT_1.63_m_WEIGHT_56_kg_SPORT_Alpine_Skiing.jpg
90;0;Yulia_LIVINSKAYA_GENDER_Female_COUNTRY_Russian_Fed._BIRTHDAY_31_July_1990_AGE_23_HEIGHT_1.63_m_WEIGHT_53_kg_SPORT_Freestyle_Skiing.jpg
91;0;Paige_LAWRENCE_GENDER_Female_COUNTRY_Canada_BIRTHDAY_22_February_1990_AGE_23_HEIGHT_1.53_m_WEIGHT_-1_SPORT_Figure_Skating.jpg
92;0;Kaetlyn_OSMOND_GENDER_Female_COUNTRY_Canada_BIRTHDAY_5_December_1995_AGE_18_HEIGHT_1.63_m_WEIGHT_-1_SPORT_Figure_Skating.jpg
93;1;Lucy_CHAFFER_GENDER_Female_COUNTRY_Australia_BIRTHDAY_19_October_1983_AGE_30_HEIGHT_1.67_m_WEIGHT_58_kg_SPORT_Skeleton.jpg
94;1;Natalia_WOJTUSCISZYN_GENDER_Female_COUNTRY_Poland_BIRTHDAY_2_February_1993_AGE_21_HEIGHT_1.65_m_WEIGHT_63_kg_SPORT_Luge.jpg
95;0;Dominique_OHACO_GENDER_Female_COUNTRY_Chile_BIRTHDAY_19_December_1995_AGE_18_HEIGHT_-1_WEIGHT_-1_SPORT_Freestyle_Skiing.jpg
96;0;Laura_PEEL_GENDER_Female_COUNTRY_Australia_BIRTHDAY_29_September_1989_AGE_24_HEIGHT_1.74_m_WEIGHT_64_kg_SPORT_Freestyle_Skiing.jpg
97;1;Evelina_RASELLI_GENDER_Female_COUNTRY_Switzerland_BIRTHDAY_3_May_1992_AGE_21_HEIGHT_1.69_m_WEIGHT_62_kg_SPORT_Ice_Hockey.jpg
98;1;Sayuri_SHIMIZU_GENDER_Female_COUNTRY_Japan_BIRTHDAY_14_January_1989_AGE_25_HEIGHT_1.67_m_WEIGHT_53_kg_SPORT_Short_Track.jpg
99;1;Tugba_KOCAAGA_GENDER_Female_COUNTRY_Turkey_BIRTHDAY_25_May_1985_AGE_28_HEIGHT_-1_WEIGHT_-1_SPORT_Alpine_Skiing.jpg
100;0;Julia_KYKKAENEN_GENDER_Female_COUNTRY_Finland_BIRTHDAY_17_April_1994_AGE_19_HEIGHT_1.68_m_WEIGHT_55_kg_SPORT_Ski_Jumping.jpg
101;0;Sugar_TODD_GENDER_Female_COUNTRY_United_States_BIRTHDAY_19_July_1990_AGE_23_HEIGHT_1.63_m_WEIGHT_64_kg_SPORT_Speed_Skating.jpg
102;0;Young-Seo_KANG_GENDER_Female_COUNTRY_Korea_BIRTHDAY_19_July_1997_AGE_16_HEIGHT_1.68_m_WEIGHT_60_kg_SPORT_Alpine_Skiing.jpg
103;0;Marsha_HUDEY_GENDER_Female_COUNTRY_Canada_BIRTHDAY_3_August_1990_AGE_23_HEIGHT_1.57_m_WEIGHT_59_kg_SPORT_Speed_Skating.jpg
104;1;Lelde_PRIEDULENA_GENDER_Female_COUNTRY_Latvia_BIRTHDAY_20_July_1993_AGE_20_HEIGHT_1.63_m_WEIGHT_59_kg_SPORT_Skeleton.jpg
105;0;Barbora_LUKACOVA_GENDER_Female_COUNTRY_Slovakia_BIRTHDAY_28_April_1990_AGE_23_HEIGHT_1.78_m_WEIGHT_75_kg_SPORT_Alpine_Skiing.jpg
106;1;Lisa_Theresa_HAUSER_GENDER_Female_COUNTRY_Austria_BIRTHDAY_16_December_1993_AGE_20_HEIGHT_1.74_m_WEIGHT_65_kg_SPORT_Biathlon.jpg
107;0;Kelime_CETINKAYA_GENDER_Female_COUNTRY_Turkey_BIRTHDAY_15_June_1982_AGE_31_HEIGHT_1.60_m_WEIGHT_54_kg_SPORT_Cross-Country.jpg
108;0;Ivana_BULATOVIC_GENDER_Female_COUNTRY_Montenegro_BIRTHDAY_12_October_1994_AGE_19_HEIGHT_1.78_m_WEIGHT_68_kg_SPORT_Alpine_Skiing.jpg
109;1;Tatiana_BORODULINA_GENDER_Female_COUNTRY_Russian_Fed._BIRTHDAY_22_December_1984_AGE_29_HEIGHT_1.60_m_WEIGHT_52_kg_SPORT_Short_Track.jpg
110;0;Megan_HEINICKE_GENDER_Female_COUNTRY_Canada_BIRTHDAY_10_September_1988_AGE_25_HEIGHT_1.70_m_WEIGHT_57_kg_SPORT_Biathlon.jpg
111;1;Karolina_SZTOKFISZ_GENDER_Female_COUNTRY_Poland_BIRTHDAY_15_February_1989_AGE_24_HEIGHT_1.59_m_WEIGHT_62_kg_SPORT_Snowboard.jpg
112;0;Natalja_KHOREVA_GENDER_Female_COUNTRY_Russian_Fed._BIRTHDAY_28_May_1986_AGE_27_HEIGHT_1.68_m_WEIGHT_68_kg_SPORT_Luge.jpg
113;0;Misaki_OSHIGIRI_GENDER_Female_COUNTRY_Japan_BIRTHDAY_29_September_1992_AGE_21_HEIGHT_1.67_m_WEIGHT_60_kg_SPORT_Speed_Skating.jpg
114;1;Kaylin_IRVINE_GENDER_Female_COUNTRY_Canada_BIRTHDAY_3_September_1990_AGE_23_HEIGHT_1.70_m_WEIGHT_67_kg_SPORT_Speed_Skating.jpg
115;1;Sarah_FORSTER_GENDER_Female_COUNTRY_Switzerland_BIRTHDAY_19_May_1993_AGE_20_HEIGHT_1.68_m_WEIGHT_69_kg_SPORT_Ice_Hockey.jpg
116;1;Michelle_DEKKER_GENDER_Female_COUNTRY_Netherlands_BIRTHDAY_18_March_1996_AGE_17_HEIGHT_1.65_m_WEIGHT_66_kg_SPORT_Snowboard.jpg
117;1;Sarah_REID_GENDER_Female_COUNTRY_Canada_BIRTHDAY_2_June_1987_AGE_26_HEIGHT_1.57_m_WEIGHT_57_kg_SPORT_Skeleton.jpg
118;0;Federica_SELVA_GENDER_Female_COUNTRY_San_Marino_BIRTHDAY_7_June_1996_AGE_17_HEIGHT_1.66_m_WEIGHT_53_kg_SPORT_Alpine_Skiing.jpg
119;0;Kexin_ZHANG_GENDER_Female_COUNTRY_China_BIRTHDAY_17_October_1995_AGE_18_HEIGHT_1.53_m_WEIGHT_-1_SPORT_Figure_Skating.jpg
120;1;Lolo_JONES_GENDER_Female_COUNTRY_United_States_BIRTHDAY_5_August_1982_AGE_31_HEIGHT_1.75_m_WEIGHT_73_kg_SPORT_Bobsleigh.jpg
121;1;Michelle_PICARD_GENDER_Female_COUNTRY_United_States_BIRTHDAY_27_May_1993_AGE_20_HEIGHT_1.67_m_WEIGHT_68_kg_SPORT_Ice_Hockey.jpg
122;1;Brianne_TUTT_GENDER_Female_COUNTRY_Canada_BIRTHDAY_9_June_1992_AGE_21_HEIGHT_1.75_m_WEIGHT_66_kg_SPORT_Speed_Skating.jpg
123;1;Alexandra_KAPUSTINA_GENDER_Female_COUNTRY_Russian_Fed._BIRTHDAY_7_April_1984_AGE_29_HEIGHT_1.66_m_WEIGHT_74_kg_SPORT_Ice_Hockey.jpg
124;1;Romy_EGGIMANN_GENDER_Female_COUNTRY_Switzerland_BIRTHDAY_29_September_1995_AGE_18_HEIGHT_1.57_m_WEIGHT_54_kg_SPORT_Ice_Hockey.jpg
125;0;Michelle_STEELE_GENDER_Female_COUNTRY_Australia_BIRTHDAY_8_March_1986_AGE_27_HEIGHT_1.64_m_WEIGHT_55_kg_SPORT_Skeleton.jpg
126;1;Jessica_HAMMERL_GENDER_Female_COUNTRY_Germany_BIRTHDAY_10_July_1988_AGE_25_HEIGHT_1.61_m_WEIGHT_61_kg_SPORT_Ice_Hockey.jpg
127;0;Sanne_VAN_KERKHOF_GENDER_Female_COUNTRY_Netherlands_BIRTHDAY_27_March_1987_AGE_26_HEIGHT_1.63_m_WEIGHT_54_kg_SPORT_Short_Track.jpg
128;1;Jeanne_ELLEGAARD_GENDER_Female_COUNTRY_Denmark_BIRTHDAY_2_July_1987_AGE_26_HEIGHT_1.72_m_WEIGHT_-1_SPORT_Curling.jpg
129;0;Isabella_TOBIAS_GENDER_Female_COUNTRY_Lithuania_BIRTHDAY_23_August_1991_AGE_22_HEIGHT_1.61_m_WEIGHT_-1_SPORT_Figure_Skating.jpg
130;1;Fanny_SMITH_GENDER_Female_COUNTRY_Switzerland_BIRTHDAY_20_May_1992_AGE_21_HEIGHT_1.66_m_WEIGHT_59_kg_SPORT_Freestyle_Skiing.jpg
131;0;Zhibek_ARAPBAYEVA_GENDER_Female_COUNTRY_Kazakhstan_BIRTHDAY_8_December_1991_AGE_22_HEIGHT_1.60_m_WEIGHT_58_kg_SPORT_Freestyle_Skiing.jpg
132;0;Leanne_SMITH_GENDER_Female_COUNTRY_United_States_BIRTHDAY_28_May_1987_AGE_26_HEIGHT_1.63_m_WEIGHT_73_kg_SPORT_Alpine_Skiing.jpg
133;0;Hannah_DREISSIGACKER_GENDER_Female_COUNTRY_United_States_BIRTHDAY_2_December_1986_AGE_27_HEIGHT_1.70_m_WEIGHT_59_kg_SPORT_Biathlon.jpg
134;0;Kristina_SAALOVA_GENDER_Female_COUNTRY_Slovakia_BIRTHDAY_20_May_1991_AGE_22_HEIGHT_1.71_m_WEIGHT_70_kg_SPORT_Alpine_Skiing.jpg
135;0;Ulrike_GRAESSLER_GENDER_Female_COUNTRY_Germany_BIRTHDAY_17_May_1987_AGE_26_HEIGHT_1.75_m_WEIGHT_60_kg_SPORT_Ski_Jumping.jpg
136;1;Laure_SOULIE_GENDER_Female_COUNTRY_Andorra_BIRTHDAY_28_April_1987_AGE_26_HEIGHT_1.60_m_WEIGHT_50_kg_SPORT_Biathlon.jpg
137;1;Sophie_RODRIGUEZ_GENDER_Female_COUNTRY_France_BIRTHDAY_7_July_1988_AGE_25_HEIGHT_1.68_m_WEIGHT_57_kg_SPORT_Snowboard.jpg
138;0;Jessica_LUTZ_GENDER_Female_COUNTRY_Switzerland_BIRTHDAY_24_May_1989_AGE_24_HEIGHT_1.72_m_WEIGHT_65_kg_SPORT_Ice_Hockey.jpg
139;1;Johanna_TALIHAERM_GENDER_Female_COUNTRY_Estonia_BIRTHDAY_27_June_1993_AGE_20_HEIGHT_1.61_m_WEIGHT_60_kg_SPORT_Biathlon.jpg
140;1;Weronika_NOWAKOWSKA-ZIEMNIAK_GENDER_Female_COUNTRY_Poland_BIRTHDAY_7_July_1986_AGE_27_HEIGHT_1.59_m_WEIGHT_53_kg_SPORT_Biathlon.jpg
141;0;Eliza_OUTTRIM_GENDER_Female_COUNTRY_United_States_BIRTHDAY_18_July_1985_AGE_28_HEIGHT_1.62_m_WEIGHT_56_kg_SPORT_Freestyle_Skiing.jpg
142;0;Brittany_WEBSTER_GENDER_Female_COUNTRY_Canada_BIRTHDAY_25_June_1987_AGE_26_HEIGHT_1.68_m_WEIGHT_57_kg_SPORT_Cross-Country.jpg
143;0;Bernadett_HEIDUM_GENDER_Female_COUNTRY_Hungary_BIRTHDAY_26_May_1988_AGE_25_HEIGHT_1.69_m_WEIGHT_60_kg_SPORT_Short_Track.jpg
144;1;Stina_NILSSON_GENDER_Female_COUNTRY_Sweden_BIRTHDAY_24_June_1993_AGE_20_HEIGHT_1.74_m_WEIGHT_68_kg_SPORT_Cross-Country.jpg
145;1;Sophie_KRATZER_GENDER_Female_COUNTRY_Germany_BIRTHDAY_20_April_1989_AGE_24_HEIGHT_1.71_m_WEIGHT_72_kg_SPORT_Ice_Hockey.jpg
146;0;Shiho_ISHIZAWA_GENDER_Female_COUNTRY_Japan_BIRTHDAY_23_October_1986_AGE_27_HEIGHT_1.67_m_WEIGHT_67_kg_SPORT_Speed_Skating.jpg
147;1;Bente_KRAUS_GENDER_Female_COUNTRY_Germany_BIRTHDAY_21_February_1989_AGE_24_HEIGHT_1.72_m_WEIGHT_66_kg_SPORT_Speed_Skating.jpg
148;0;Carina_VOGT_GENDER_Female_COUNTRY_Germany_BIRTHDAY_5_February_1992_AGE_22_HEIGHT_1.72_m_WEIGHT_62_kg_SPORT_Ski_Jumping.jpg
149;0;Frida_HANSDOTTER_GENDER_Female_COUNTRY_Sweden_BIRTHDAY_13_December_1985_AGE_28_HEIGHT_1.73_m_WEIGHT_67_kg_SPORT_Alpine_Skiing.jpg
150;1;Yuna_KIM_GENDER_Female_COUNTRY_Korea_BIRTHDAY_5_September_1990_AGE_23_HEIGHT_1.65_m_WEIGHT_-1_SPORT_Figure_Skating.jpg
151;1;Lucy_GLANVILLE_GENDER_Female_COUNTRY_Australia_BIRTHDAY_16_October_1994_AGE_19_HEIGHT_1.57_m_WEIGHT_58_kg_SPORT_Biathlon.jpg
152;0;Christy_PRIOR_GENDER_Female_COUNTRY_New_Zealand_BIRTHDAY_28_November_1988_AGE_25_HEIGHT_1.61_m_WEIGHT_62_kg_SPORT_Snowboard.jpg
153;0;Maria_SHKANOVA_GENDER_Female_COUNTRY_Belarus_BIRTHDAY_18_October_1989_AGE_24_HEIGHT_1.76_m_WEIGHT_66_kg_SPORT_Alpine_Skiing.jpg
154;0;Olga_SOSINA_GENDER_Female_COUNTRY_Russian_Fed._BIRTHDAY_27_July_1992_AGE_21_HEIGHT_1.60_m_WEIGHT_66_kg_SPORT_Ice_Hockey.jpg
155;0;Alisa_AGAFONOVA_GENDER_Female_COUNTRY_Turkey_BIRTHDAY_15_January_1991_AGE_23_HEIGHT_1.73_m_WEIGHT_-1_SPORT_Figure_Skating.jpg
156;0;Kaitlyn_WEAVER_GENDER_Female_COUNTRY_Canada_BIRTHDAY_12_April_1989_AGE_24_HEIGHT_1.67_m_WEIGHT_-1_SPORT_Figure_Skating.jpg
157;1;Janine_GREINER_GENDER_Female_COUNTRY_Switzerland_BIRTHDAY_13_February_1981_AGE_33_HEIGHT_1.68_m_WEIGHT_-1_SPORT_Curling.jpg
158;0;Claire_HAMILTON_GENDER_Female_COUNTRY_Great_Britain_BIRTHDAY_31_January_1989_AGE_25_HEIGHT_1.73_m_WEIGHT_66_kg_SPORT_Curling.jpg
159;0;Miho_SHISHIUCHI_GENDER_Female_COUNTRY_Japan_BIRTHDAY_21_August_1992_AGE_21_HEIGHT_1.64_m_WEIGHT_62_kg_SPORT_Ice_Hockey.jpg
160;0;Charline_LABONTE_GENDER_Female_COUNTRY_Canada_BIRTHDAY_15_October_1982_AGE_31_HEIGHT_1.75_m_WEIGHT_72_kg_SPORT_Ice_Hockey.jpg
161;0;Mona_LOESETH_GENDER_Female_COUNTRY_Norway_BIRTHDAY_11_April_1991_AGE_22_HEIGHT_-1_WEIGHT_-1_SPORT_Alpine_Skiing.jpg
162;0;Lotte_Smiseth_SEJERSTED_GENDER_Female_COUNTRY_Norway_BIRTHDAY_5_March_1991_AGE_22_HEIGHT_-1_WEIGHT_-1_SPORT_Alpine_Skiing.jpg
163;0;Franziska_BUSCH_GENDER_Female_COUNTRY_Germany_BIRTHDAY_20_October_1985_AGE_28_HEIGHT_1.63_m_WEIGHT_59_kg_SPORT_Ice_Hockey.jpg
164;0;Alyson_DUDEK_GENDER_Female_COUNTRY_United_States_BIRTHDAY_30_July_1990_AGE_23_HEIGHT_1.68_m_WEIGHT_58_kg_SPORT_Short_Track.jpg
165;0;Martina_DUBOVSKA_GENDER_Female_COUNTRY_Czech_Republic_BIRTHDAY_27_February_1992_AGE_21_HEIGHT_1.74_m_WEIGHT_72_kg_SPORT_Alpine_Skiing.jpg
166;1;Jocelyne_LAMOUREUX_GENDER_Female_COUNTRY_United_States_BIRTHDAY_3_July_1989_AGE_24_HEIGHT_1.68_m_WEIGHT_70_kg_SPORT_Ice_Hockey.jpg
167;1;Moeko_FUJIMOTO_GENDER_Female_COUNTRY_Japan_BIRTHDAY_5_August_1992_AGE_21_HEIGHT_1.55_m_WEIGHT_53_kg_SPORT_Ice_Hockey.jpg
168;0;Nadja_JNGLIN-KAMER_GENDER_Female_COUNTRY_Switzerland_BIRTHDAY_23_July_1986_AGE_27_HEIGHT_1.80_m_WEIGHT_79_kg_SPORT_Alpine_Skiing.jpg
169;1;Mirabelle_THOVEX_GENDER_Female_COUNTRY_France_BIRTHDAY_24_August_1991_AGE_22_HEIGHT_1.67_m_WEIGHT_60_kg_SPORT_Snowboard.jpg
170;0;Summer_BRITCHER_GENDER_Female_COUNTRY_United_States_BIRTHDAY_21_March_1994_AGE_19_HEIGHT_1.80_m_WEIGHT_71_kg_SPORT_Luge.jpg
171;1;Olena_PIDHRUSHNA_GENDER_Female_COUNTRY_Ukraine_BIRTHDAY_9_January_1987_AGE_27_HEIGHT_1.76_m_WEIGHT_67_kg_SPORT_Biathlon.jpg
172;0;Vanessa_VANAKORN_GENDER_Female_COUNTRY_Thailand_BIRTHDAY_27_October_1978_AGE_35_HEIGHT_1.58_m_WEIGHT_55_kg_SPORT_Alpine_Skiing.jpg
173;1;Rosamund_MUSGRAVE_GENDER_Female_COUNTRY_Great_Britain_BIRTHDAY_28_October_1986_AGE_27_HEIGHT_1.64_m_WEIGHT_64_kg_SPORT_Cross-Country.jpg
174;0;Lina_WESTER_GENDER_Female_COUNTRY_Sweden_BIRTHDAY_7_November_1992_AGE_21_HEIGHT_1.75_m_WEIGHT_65_kg_SPORT_Ice_Hockey.jpg
175;0;Anne_KYLLOENEN_GENDER_Female_COUNTRY_Finland_BIRTHDAY_30_November_1987_AGE_26_HEIGHT_1.73_m_WEIGHT_61_kg_SPORT_Cross-Country.jpg
176;0;Olena_SHKHUMOVA_GENDER_Female_COUNTRY_Ukraine_BIRTHDAY_24_November_1993_AGE_20_HEIGHT_1.78_m_WEIGHT_87_kg_SPORT_Luge.jpg
177;1;Michelle_LOWENHIELM_GENDER_Female_COUNTRY_Sweden_BIRTHDAY_22_March_1995_AGE_18_HEIGHT_1.72_m_WEIGHT_66_kg_SPORT_Ice_Hockey.jpg
178;0;Haruna_YONEYAMA_GENDER_Female_COUNTRY_Japan_BIRTHDAY_7_November_1991_AGE_22_HEIGHT_1.60_m_WEIGHT_55_kg_SPORT_Ice_Hockey.jpg
179;1;Eva_PUSKARCIKOVA_GENDER_Female_COUNTRY_Czech_Republic_BIRTHDAY_3_January_1991_AGE_23_HEIGHT_1.68_m_WEIGHT_57_kg_SPORT_Biathlon.jpg
180;0;Emma_NORDIN_GENDER_Female_COUNTRY_Sweden_BIRTHDAY_22_March_1991_AGE_22_HEIGHT_1.68_m_WEIGHT_70_kg_SPORT_Ice_Hockey.jpg
181;0;Annina_RAJAHUHTA_GENDER_Female_COUNTRY_Finland_BIRTHDAY_8_March_1989_AGE_24_HEIGHT_1.64_m_WEIGHT_68_kg_SPORT_Ice_Hockey.jpg
182;0;Yurie_ADACHI_GENDER_Female_COUNTRY_Japan_BIRTHDAY_26_April_1985_AGE_28_HEIGHT_1.56_m_WEIGHT_51_kg_SPORT_Ice_Hockey.jpg
183;0;Esme_KAMPHUIS_GENDER_Female_COUNTRY_Netherlands_BIRTHDAY_22_May_1983_AGE_30_HEIGHT_1.78_m_WEIGHT_73_kg_SPORT_Bobsleigh.jpg
184;0;Franziska_PREUSS_GENDER_Female_COUNTRY_Germany_BIRTHDAY_11_March_1994_AGE_19_HEIGHT_1.73_m_WEIGHT_60_kg_SPORT_Biathlon.jpg
185;0;Morgane_BONNEFOY_GENDER_Female_COUNTRY_France_BIRTHDAY_18_September_1990_AGE_23_HEIGHT_1.64_m_WEIGHT_68_kg_SPORT_Luge.jpg
186;0;Jazmine_FENLATOR_GENDER_Female_COUNTRY_United_States_BIRTHDAY_29_August_1985_AGE_28_HEIGHT_1.75_m_WEIGHT_77_kg_SPORT_Bobsleigh.jpg
187;0;Katja_POZUN_GENDER_Female_COUNTRY_Slovenia_BIRTHDAY_7_April_1993_AGE_20_HEIGHT_1.71_m_WEIGHT_52_kg_SPORT_Ski_Jumping.jpg
188;1;Emma_TERHO_GENDER_Female_COUNTRY_Finland_BIRTHDAY_17_December_1981_AGE_32_HEIGHT_1.59_m_WEIGHT_61_kg_SPORT_Ice_Hockey.jpg
189;0;Dara_HOWELL_GENDER_Female_COUNTRY_Canada_BIRTHDAY_23_August_1994_AGE_19_HEIGHT_1.70_m_WEIGHT_57_kg_SPORT_Freestyle_Skiing.jpg
190;0;Eveliina_SUONPAA_GENDER_Female_COUNTRY_Finland_BIRTHDAY_12_April_1995_AGE_18_HEIGHT_1.73_m_WEIGHT_63_kg_SPORT_Ice_Hockey.jpg
191;0;Julia_MANCUSO_GENDER_Female_COUNTRY_United_States_BIRTHDAY_9_March_1984_AGE_29_HEIGHT_1.68_m_WEIGHT_64_kg_SPORT_Alpine_Skiing.jpg
192;0;Emma_DAHLSTROM_GENDER_Female_COUNTRY_Sweden_BIRTHDAY_19_July_1992_AGE_21_HEIGHT_1.68_m_WEIGHT_61_kg_SPORT_Freestyle_Skiing.jpg
193;0;Miki_KOBAYASHI_GENDER_Female_COUNTRY_Japan_BIRTHDAY_10_November_1987_AGE_26_HEIGHT_1.52_m_WEIGHT_51_kg_SPORT_Biathlon.jpg
194;1;Alla_TSUPER_GENDER_Female_COUNTRY_Belarus_BIRTHDAY_16_April_1979_AGE_34_HEIGHT_1.53_m_WEIGHT_53_kg_SPORT_Freestyle_Skiing.jpg
195;1;Lara_VAN_RUIJVEN_GENDER_Female_COUNTRY_Netherlands_BIRTHDAY_28_December_1992_AGE_21_HEIGHT_1.68_m_WEIGHT_58_kg_SPORT_Short_Track.jpg
196;1;Janina_KUZMA_GENDER_Female_COUNTRY_New_Zealand_BIRTHDAY_17_September_1985_AGE_28_HEIGHT_-1_WEIGHT_-1_SPORT_Freestyle_Skiing.jpg
197;0;Tanja_MAYER_GENDER_Female_COUNTRY_Switzerland_BIRTHDAY_2_July_1993_AGE_20_HEIGHT_1.80_m_WEIGHT_73_kg_SPORT_Bobsleigh.jpg
198;1;Gianina_ERNST_GENDER_Female_COUNTRY_Germany_BIRTHDAY_31_December_1998_AGE_15_HEIGHT_1.55_m_WEIGHT_44_kg_SPORT_Ski_Jumping.jpg
199;0;Ina_MESCHIK_GENDER_Female_COUNTRY_Austria_BIRTHDAY_25_September_1990_AGE_23_HEIGHT_1.60_m_WEIGHT_57_kg_SPORT_Snowboard.jpg
200;1;Jenny_JONES_GENDER_Female_COUNTRY_Great_Britain_BIRTHDAY_3_July_1980_AGE_33_HEIGHT_1.61_m_WEIGHT_61_kg_SPORT_Snowboard.jpg
201;0;Maria_KOMISSAROVA_GENDER_Female_COUNTRY_Russian_Fed._BIRTHDAY_5_September_1990_AGE_23_HEIGHT_1.77_m_WEIGHT_71_kg_SPORT_Freestyle_Skiing.jpg
202;0;Zhanbota_ALDABERGENOVA_GENDER_Female_COUNTRY_Kazakhstan_BIRTHDAY_23_September_1995_AGE_18_HEIGHT_1.68_m_WEIGHT_57_kg_SPORT_Freestyle_Skiing.jpg
203;1;Britteny_COX_GENDER_Female_COUNTRY_Australia_BIRTHDAY_29_September_1994_AGE_19_HEIGHT_1.63_m_WEIGHT_59_kg_SPORT_Freestyle_Skiing.jpg
204;0;Fanny_RASK_GENDER_Female_COUNTRY_Sweden_BIRTHDAY_21_May_1991_AGE_22_HEIGHT_1.68_m_WEIGHT_64_kg_SPORT_Ice_Hockey.jpg
205;0;Olga_BELYAKOVA_GENDER_Female_COUNTRY_Russian_Fed._BIRTHDAY_26_September_1988_AGE_25_HEIGHT_1.75_m_WEIGHT_60_kg_SPORT_Short_Track.jpg
206;1;Nicole_RAJICOVA_GENDER_Female_COUNTRY_Slovakia_BIRTHDAY_13_August_1995_AGE_18_HEIGHT_1.62_m_WEIGHT_-1_SPORT_Figure_Skating.jpg
207;0;Jorien_TER_MORS_GENDER_Female_COUNTRY_Netherlands_BIRTHDAY_21_December_1989_AGE_24_HEIGHT_1.81_m_WEIGHT_68_kg_SPORT_Short_Track.jpg
208;1;Olga_ZAITSEVA_GENDER_Female_COUNTRY_Russian_Fed._BIRTHDAY_16_May_1978_AGE_35_HEIGHT_1.69_m_WEIGHT_64_kg_SPORT_Biathlon.jpg
209;1;Vita_SEMERENKO_GENDER_Female_COUNTRY_Ukraine_BIRTHDAY_18_January_1986_AGE_28_HEIGHT_1.62_m_WEIGHT_57_kg_SPORT_Biathlon.jpg
210;0;Paulina_BOBAK_GENDER_Female_COUNTRY_Poland_BIRTHDAY_1_October_1984_AGE_29_HEIGHT_1.66_m_WEIGHT_57_kg_SPORT_Biathlon.jpg
211;0;Danielle_SCOTT_GENDER_Female_COUNTRY_Australia_BIRTHDAY_7_March_1990_AGE_23_HEIGHT_1.67_m_WEIGHT_57_kg_SPORT_Freestyle_Skiing.jpg
212;1;Julietta_QUIROGA_GENDER_Female_COUNTRY_Argentina_BIRTHDAY_1_November_1988_AGE_25_HEIGHT_-1_WEIGHT_-1_SPORT_Alpine_Skiing.jpg
213;1;Katrin_NABHOLZ_GENDER_Female_COUNTRY_Switzerland_BIRTHDAY_3_April_1986_AGE_27_HEIGHT_1.65_m_WEIGHT_58_kg_SPORT_Ice_Hockey.jpg
214;1;Ty_WALKER_GENDER_Female_COUNTRY_United_States_BIRTHDAY_3_March_1997_AGE_16_HEIGHT_1.57_m_WEIGHT_61_kg_SPORT_Snowboard.jpg
215;1;Sara_TAKANASHI_GENDER_Female_COUNTRY_Japan_BIRTHDAY_8_October_1996_AGE_17_HEIGHT_1.52_m_WEIGHT_45_kg_SPORT_Ski_Jumping.jpg
216;1;Anna_WILLCOX-SILFVERBERG_GENDER_Female_COUNTRY_New_Zealand_BIRTHDAY_9_April_1992_AGE_21_HEIGHT_1.70_m_WEIGHT_60_kg_SPORT_Freestyle_Skiing.jpg
217;0;Nathalie_WEINZIERL_GENDER_Female_COUNTRY_Germany_BIRTHDAY_8_April_1994_AGE_19_HEIGHT_1.59_m_WEIGHT_-1_SPORT_Figure_Skating.jpg
218;0;Alex_GOUGH_GENDER_Female_COUNTRY_Canada_BIRTHDAY_12_May_1987_AGE_26_HEIGHT_1.71_m_WEIGHT_70_kg_SPORT_Luge.jpg
219;1;Ami_NAKAMURA_GENDER_Female_COUNTRY_Japan_BIRTHDAY_15_November_1987_AGE_26_HEIGHT_1.62_m_WEIGHT_62_kg_SPORT_Ice_Hockey.jpg
220;0;Yekaterina_MALYSHEVA_GENDER_Female_COUNTRY_Russian_Fed._BIRTHDAY_28_January_1987_AGE_27_HEIGHT_1.69_m_WEIGHT_57_kg_SPORT_Speed_Skating.jpg
221;0;Nikol_KUCEROVA_GENDER_Female_COUNTRY_Czech_Republic_BIRTHDAY_23_June_1989_AGE_24_HEIGHT_1.64_m_WEIGHT_63_kg_SPORT_Freestyle_Skiing.jpg
222;1;Lindsey_JACOBELLIS_GENDER_Female_COUNTRY_United_States_BIRTHDAY_19_August_1985_AGE_28_HEIGHT_1.68_m_WEIGHT_64_kg_SPORT_Snowboard.jpg
223;1;Julia_KRASS_GENDER_Female_COUNTRY_United_States_BIRTHDAY_7_June_1997_AGE_16_HEIGHT_1.80_m_WEIGHT_59_kg_SPORT_Freestyle_Skiing.jpg
224;0;Maiken_Caspersen_FALLA_GENDER_Female_COUNTRY_Norway_BIRTHDAY_13_August_1990_AGE_23_HEIGHT_-1_WEIGHT_-1_SPORT_Cross-Country.jpg
225;0;Josephine_PUCCI_GENDER_Female_COUNTRY_United_States_BIRTHDAY_27_December_1990_AGE_23_HEIGHT_1.74_m_WEIGHT_68_kg_SPORT_Ice_Hockey.jpg
226;1;Volha_TALAYEVA_GENDER_Female_COUNTRY_Belarus_BIRTHDAY_6_January_1987_AGE_27_HEIGHT_1.67_m_WEIGHT_58_kg_SPORT_Short_Track.jpg
227;0;Hannah_TETER_GENDER_Female_COUNTRY_United_States_BIRTHDAY_27_January_1987_AGE_27_HEIGHT_1.70_m_WEIGHT_60_kg_SPORT_Snowboard.jpg
228;0;Kaitlyn_FARRINGTON_GENDER_Female_COUNTRY_United_States_BIRTHDAY_18_December_1989_AGE_24_HEIGHT_1.63_m_WEIGHT_57_kg_SPORT_Snowboard.jpg
229;0;Tina_WEIRATHER_GENDER_Female_COUNTRY_Liechtenstein_BIRTHDAY_24_May_1989_AGE_24_HEIGHT_1.64_m_WEIGHT_65_kg_SPORT_Alpine_Skiing.jpg
230;1;Chiho_TAKAO_GENDER_Female_COUNTRY_Japan_BIRTHDAY_20_February_1984_AGE_29_HEIGHT_1.68_m_WEIGHT_54_kg_SPORT_Freestyle_Skiing.jpg
231;1;Maren_LUNDBY_GENDER_Female_COUNTRY_Norway_BIRTHDAY_7_September_1994_AGE_19_HEIGHT_1.73_m_WEIGHT_-1_SPORT_Ski_Jumping.jpg
232;1;Paulina_FIALKOVA_GENDER_Female_COUNTRY_Slovakia_BIRTHDAY_25_October_1992_AGE_21_HEIGHT_1.64_m_WEIGHT_55_kg_SPORT_Biathlon.jpg
233;0;Alang_KIM_GENDER_Female_COUNTRY_Korea_BIRTHDAY_22_August_1995_AGE_18_HEIGHT_1.68_m_WEIGHT_53_kg_SPORT_Short_Track.jpg
234;0;Taylah_ONEILL_GENDER_Female_COUNTRY_Australia_BIRTHDAY_11_November_1994_AGE_19_HEIGHT_1.59_m_WEIGHT_57_kg_SPORT_Freestyle_Skiing.jpg
235;0;Nadia_FANCHINI_GENDER_Female_COUNTRY_Italy_BIRTHDAY_25_June_1986_AGE_27_HEIGHT_1.65_m_WEIGHT_65_kg_SPORT_Alpine_Skiing.jpg
236;0;Julia_CLAIR_GENDER_Female_COUNTRY_France_BIRTHDAY_20_March_1994_AGE_19_HEIGHT_1.63_m_WEIGHT_51_kg_SPORT_Ski_Jumping.jpg
237;0;Maritta_BECKER_GENDER_Female_COUNTRY_Germany_BIRTHDAY_11_March_1981_AGE_32_HEIGHT_1.68_m_WEIGHT_64_kg_SPORT_Ice_Hockey.jpg
238;0;Nina_KAMENIK_GENDER_Female_COUNTRY_Germany_BIRTHDAY_27_April_1985_AGE_28_HEIGHT_1.60_m_WEIGHT_54_kg_SPORT_Ice_Hockey.jpg
239;1;Sara_BENZ_GENDER_Female_COUNTRY_Switzerland_BIRTHDAY_25_August_1992_AGE_21_HEIGHT_1.63_m_WEIGHT_55_kg_SPORT_Ice_Hockey.jpg
240;0;Kikkan_RANDALL_GENDER_Female_COUNTRY_United_States_BIRTHDAY_31_December_1982_AGE_31_HEIGHT_1.65_m_WEIGHT_60_kg_SPORT_Cross-Country.jpg
241;0;Yekaterina_LOBYSHEVA_GENDER_Female_COUNTRY_Russian_Fed._BIRTHDAY_13_March_1985_AGE_28_HEIGHT_1.78_m_WEIGHT_69_kg_SPORT_Speed_Skating.jpg
242;1;Rowan_CHESHIRE_GENDER_Female_COUNTRY_Great_Britain_BIRTHDAY_1_September_1995_AGE_18_HEIGHT_-1_WEIGHT_-1_SPORT_Freestyle_Skiing.jpg
243;0;Katrin_OFNER_GENDER_Female_COUNTRY_Austria_BIRTHDAY_5_March_1990_AGE_23_HEIGHT_1.70_m_WEIGHT_-1_SPORT_Freestyle_Skiing.jpg
244;0;Kerttu_NISKANEN_GENDER_Female_COUNTRY_Finland_BIRTHDAY_13_June_1988_AGE_25_HEIGHT_1.72_m_WEIGHT_58_kg_SPORT_Cross-Country.jpg
245;0;Haejin_KIM_GENDER_Female_COUNTRY_Korea_BIRTHDAY_23_April_1997_AGE_16_HEIGHT_1.62_m_WEIGHT_-1_SPORT_Figure_Skating.jpg
246;1;Lydia_LASSILA_GENDER_Female_COUNTRY_Australia_BIRTHDAY_17_January_1982_AGE_32_HEIGHT_1.57_m_WEIGHT_54_kg_SPORT_Freestyle_Skiing.jpg
247;1;Carien_KLEIBEUKER_GENDER_Female_COUNTRY_Netherlands_BIRTHDAY_12_March_1978_AGE_35_HEIGHT_1.72_m_WEIGHT_58_kg_SPORT_Speed_Skating.jpg
248;0;Olga_PODCHUFAROVA_GENDER_Female_COUNTRY_Russian_Fed._BIRTHDAY_5_August_1992_AGE_21_HEIGHT_1.63_m_WEIGHT_63_kg_SPORT_Biathlon.jpg
249;1;Emilia_ANDERSSON_GENDER_Female_COUNTRY_Sweden_BIRTHDAY_31_August_1988_AGE_25_HEIGHT_1.74_m_WEIGHT_72_kg_SPORT_Ice_Hockey.jpg
250;1;Rebecca_TORR_GENDER_Female_COUNTRY_New_Zealand_BIRTHDAY_15_March_1990_AGE_23_HEIGHT_1.73_m_WEIGHT_65_kg_SPORT_Snowboard.jpg
251;0;Carmen_KUENG_GENDER_Female_COUNTRY_Switzerland_BIRTHDAY_30_January_1978_AGE_36_HEIGHT_1.69_m_WEIGHT_-1_SPORT_Curling.jpg
252;0;Virginie_FAIVRE_GENDER_Female_COUNTRY_Switzerland_BIRTHDAY_6_September_1982_AGE_31_HEIGHT_1.55_m_WEIGHT_45_kg_SPORT_Freestyle_Skiing.jpg
253;0;Rosalind_GROENEWOUD_GENDER_Female_COUNTRY_Canada_BIRTHDAY_10_December_1989_AGE_24_HEIGHT_1.78_m_WEIGHT_61_kg_SPORT_Freestyle_Skiing.jpg
254;1;Danielle_OBRIEN_GENDER_Female_COUNTRY_Australia_BIRTHDAY_7_February_1990_AGE_24_HEIGHT_1.50_m_WEIGHT_-1_SPORT_Figure_Skating.jpg
255;0;Jessika_JENSON_GENDER_Female_COUNTRY_United_States_BIRTHDAY_7_August_1991_AGE_22_HEIGHT_1.65_m_WEIGHT_54_kg_SPORT_Snowboard.jpg
256;0;Erin_HAMLIN_GENDER_Female_COUNTRY_United_States_BIRTHDAY_19_November_1986_AGE_27_HEIGHT_1.70_m_WEIGHT_73_kg_SPORT_Luge.jpg
257;0;Anna_BERECZ_GENDER_Female_COUNTRY_Hungary_BIRTHDAY_4_September_1988_AGE_25_HEIGHT_1.73_m_WEIGHT_71_kg_SPORT_Alpine_Skiing.jpg
258;0;Ragnhild_MOWINCKEL_GENDER_Female_COUNTRY_Norway_BIRTHDAY_12_September_1992_AGE_21_HEIGHT_-1_WEIGHT_-1_SPORT_Alpine_Skiing.jpg
259;0;Ivonne_SCHRODER_GENDER_Female_COUNTRY_Germany_BIRTHDAY_25_July_1988_AGE_25_HEIGHT_1.77_m_WEIGHT_68_kg_SPORT_Ice_Hockey.jpg
260;0;Camillia_BERRA_GENDER_Female_COUNTRY_Switzerland_BIRTHDAY_2_December_1994_AGE_19_HEIGHT_1.61_m_WEIGHT_61_kg_SPORT_Freestyle_Skiing.jpg
261;1;Monique_LAMOUREUX_GENDER_Female_COUNTRY_United_States_BIRTHDAY_3_July_1989_AGE_24_HEIGHT_1.68_m_WEIGHT_71_kg_SPORT_Ice_Hockey.jpg
262;1;Andrea_ZEMANOVA_GENDER_Female_COUNTRY_Czech_Republic_BIRTHDAY_17_January_1993_AGE_21_HEIGHT_1.72_m_WEIGHT_67_kg_SPORT_Freestyle_Skiing.jpg
263;1;Mikaela_SHIFFRIN_GENDER_Female_COUNTRY_United_States_BIRTHDAY_13_March_1995_AGE_18_HEIGHT_1.70_m_WEIGHT_66_kg_SPORT_Alpine_Skiing.jpg
264;0;Penny_COOMES_GENDER_Female_COUNTRY_Great_Britain_BIRTHDAY_6_April_1989_AGE_24_HEIGHT_1.52_m_WEIGHT_-1_SPORT_Figure_Skating.jpg
265;0;Ashley_CALDWELL_GENDER_Female_COUNTRY_United_States_BIRTHDAY_14_September_1993_AGE_20_HEIGHT_1.70_m_WEIGHT_66_kg_SPORT_Freestyle_Skiing.jpg
266;1;Tanja_KOLBE_GENDER_Female_COUNTRY_Germany_BIRTHDAY_7_September_1990_AGE_23_HEIGHT_1.69_m_WEIGHT_-1_SPORT_Figure_Skating.jpg
267;0;Eve_MUIRHEAD_GENDER_Female_COUNTRY_Great_Britain_BIRTHDAY_22_April_1990_AGE_23_HEIGHT_1.73_m_WEIGHT_66_kg_SPORT_Curling.jpg
268;1;Qishi_LI_GENDER_Female_COUNTRY_China_BIRTHDAY_16_August_1993_AGE_20_HEIGHT_1.75_m_WEIGHT_68_kg_SPORT_Speed_Skating.jpg
269;0;Ida_NJAATUN_GENDER_Female_COUNTRY_Norway_BIRTHDAY_6_February_1991_AGE_23_HEIGHT_-1_WEIGHT_-1_SPORT_Speed_Skating.jpg
270;0;Marit_BJOERGEN_GENDER_Female_COUNTRY_Norway_BIRTHDAY_21_March_1980_AGE_33_HEIGHT_-1_WEIGHT_-1_SPORT_Cross-Country.jpg
271;0;Chinami_YOSHIDA_GENDER_Female_COUNTRY_Japan_BIRTHDAY_26_July_1991_AGE_22_HEIGHT_1.57_m_WEIGHT_-1_SPORT_Curling.jpg
272;0;Ivana_KOVACEVIC_GENDER_Female_COUNTRY_Serbia_BIRTHDAY_27_December_1994_AGE_19_HEIGHT_1.69_m_WEIGHT_61_kg_SPORT_Cross-Country.jpg
273;0;Eliza_TIRUMA_GENDER_Female_COUNTRY_Latvia_BIRTHDAY_21_August_1990_AGE_23_HEIGHT_1.70_m_WEIGHT_72_kg_SPORT_Luge.jpg
274;0;Audrey_ROBICHAUD_GENDER_Female_COUNTRY_Canada_BIRTHDAY_5_May_1988_AGE_25_HEIGHT_1.55_m_WEIGHT_59_kg_SPORT_Freestyle_Skiing.jpg
275;0;Keltie_HANSEN_GENDER_Female_COUNTRY_Canada_BIRTHDAY_13_May_1992_AGE_21_HEIGHT_1.60_m_WEIGHT_54_kg_SPORT_Freestyle_Skiing.jpg
276;0;Ireen_WUST_GENDER_Female_COUNTRY_Netherlands_BIRTHDAY_1_April_1986_AGE_27_HEIGHT_1.68_m_WEIGHT_63_kg_SPORT_Speed_Skating.jpg
277;0;Jocelyne_LAROCQUE_GENDER_Female_COUNTRY_Canada_BIRTHDAY_19_May_1988_AGE_25_HEIGHT_1.70_m_WEIGHT_63_kg_SPORT_Ice_Hockey.jpg
278;0;Nicole_BULLO_GENDER_Female_COUNTRY_Switzerland_BIRTHDAY_18_July_1987_AGE_26_HEIGHT_1.60_m_WEIGHT_53_kg_SPORT_Ice_Hockey.jpg
279;1;Anna-Karin_STROEMSTEDT_GENDER_Female_COUNTRY_Sweden_BIRTHDAY_1_January_1981_AGE_33_HEIGHT_1.73_m_WEIGHT_66_kg_SPORT_Biathlon.jpg
280;1;Erin_MIELZYNSKI_GENDER_Female_COUNTRY_Canada_BIRTHDAY_25_May_1990_AGE_23_HEIGHT_1.69_m_WEIGHT_65_kg_SPORT_Alpine_Skiing.jpg
281;0;Kerstin_FRANK_GENDER_Female_COUNTRY_Austria_BIRTHDAY_23_October_1988_AGE_25_HEIGHT_1.63_m_WEIGHT_-1_SPORT_Figure_Skating.jpg
282;0;Rebecca_JOHNSTON_GENDER_Female_COUNTRY_Canada_BIRTHDAY_24_September_1989_AGE_24_HEIGHT_1.70_m_WEIGHT_67_kg_SPORT_Ice_Hockey.jpg
283;0;Klara_KRIZOVA_GENDER_Female_COUNTRY_Czech_Republic_BIRTHDAY_13_July_1989_AGE_24_HEIGHT_1.78_m_WEIGHT_70_kg_SPORT_Alpine_Skiing.jpg
284;0;Chiho_OSAWA_GENDER_Female_COUNTRY_Japan_BIRTHDAY_10_February_1992_AGE_22_HEIGHT_1.62_m_WEIGHT_63_kg_SPORT_Ice_Hockey.jpg
285;0;Emelie_WIKSTROEM_GENDER_Female_COUNTRY_Sweden_BIRTHDAY_2_October_1992_AGE_21_HEIGHT_1.74_m_WEIGHT_66_kg_SPORT_Alpine_Skiing.jpg
286;1;Chelsea_VALOIS_GENDER_Female_COUNTRY_Canada_BIRTHDAY_11_October_1987_AGE_26_HEIGHT_1.78_m_WEIGHT_72_kg_SPORT_Bobsleigh.jpg
287;0;Andrea_LANZL_GENDER_Female_COUNTRY_Germany_BIRTHDAY_8_October_1987_AGE_26_HEIGHT_1.62_m_WEIGHT_67_kg_SPORT_Ice_Hockey.jpg
288;0;Lisa_ZIMMERMANN_GENDER_Female_COUNTRY_Germany_BIRTHDAY_2_March_1996_AGE_17_HEIGHT_-1_WEIGHT_-1_SPORT_Freestyle_Skiing.jpg
289;1;Andrea_KESZLER_GENDER_Female_COUNTRY_Hungary_BIRTHDAY_28_July_1989_AGE_24_HEIGHT_1.73_m_WEIGHT_63_kg_SPORT_Short_Track.jpg
290;0;Catherine_WARD_GENDER_Female_COUNTRY_Canada_BIRTHDAY_27_February_1987_AGE_26_HEIGHT_1.68_m_WEIGHT_67_kg_SPORT_Ice_Hockey.jpg
291;0;Caroline_SPAHNI_GENDER_Female_COUNTRY_Switzerland_BIRTHDAY_4_May_1982_AGE_31_HEIGHT_1.70_m_WEIGHT_68_kg_SPORT_Bobsleigh.jpg
292;1;Mira_JALOSUO_GENDER_Female_COUNTRY_Finland_BIRTHDAY_3_February_1989_AGE_25_HEIGHT_1.84_m_WEIGHT_84_kg_SPORT_Ice_Hockey.jpg
293;0;Sophie_CALDWELL_GENDER_Female_COUNTRY_United_States_BIRTHDAY_22_March_1990_AGE_23_HEIGHT_1.70_m_WEIGHT_59_kg_SPORT_Cross-Country.jpg
294;0;Miriam_KASTLUNGER_GENDER_Female_COUNTRY_Austria_BIRTHDAY_2_February_1994_AGE_20_HEIGHT_1.69_m_WEIGHT_67_kg_SPORT_Luge.jpg
295;1;Darya_RYBALOVA_GENDER_Female_COUNTRY_Kazakhstan_BIRTHDAY_19_August_1988_AGE_25_HEIGHT_1.57_m_WEIGHT_52_kg_SPORT_Freestyle_Skiing.jpg
296;1;Coline_MATTEL_GENDER_Female_COUNTRY_France_BIRTHDAY_3_November_1995_AGE_18_HEIGHT_1.65_m_WEIGHT_57_kg_SPORT_Ski_Jumping.jpg
297;0;Alexandra_VAFINA_GENDER_Female_COUNTRY_Russian_Fed._BIRTHDAY_28_July_1990_AGE_23_HEIGHT_1.68_m_WEIGHT_57_kg_SPORT_Ice_Hockey.jpg
298;0;Brianna_DECKER_GENDER_Female_COUNTRY_United_States_BIRTHDAY_13_May_1991_AGE_22_HEIGHT_1.63_m_WEIGHT_68_kg_SPORT_Ice_Hockey.jpg
299;0;Isabel_DERUNGS_GENDER_Female_COUNTRY_Switzerland_BIRTHDAY_17_July_1987_AGE_26_HEIGHT_1.70_m_WEIGHT_58_kg_SPORT_Snowboard.jpg
300;1;Sara_STUDEBAKER_GENDER_Female_COUNTRY_United_States_BIRTHDAY_7_October_1984_AGE_29_HEIGHT_1.68_m_WEIGHT_59_kg_SPORT_Biathlon.jpg
301;0;Valeriya_TSOY_GENDER_Female_COUNTRY_Kazakhstan_BIRTHDAY_8_July_1988_AGE_25_HEIGHT_1.66_m_WEIGHT_72_kg_SPORT_Snowboard.jpg
302;1;Ashley_WAGNER_GENDER_Female_COUNTRY_United_States_BIRTHDAY_16_May_1991_AGE_22_HEIGHT_1.60_m_WEIGHT_-1_SPORT_Figure_Skating.jpg
303;0;Helene_OLAFSEN_GENDER_Female_COUNTRY_Norway_BIRTHDAY_21_February_1990_AGE_23_HEIGHT_-1_WEIGHT_-1_SPORT_Snowboard.jpg
304;0;Elli_TERWIEL_GENDER_Female_COUNTRY_Canada_BIRTHDAY_16_April_1989_AGE_24_HEIGHT_1.72_m_WEIGHT_73_kg_SPORT_Alpine_Skiing.jpg
305;0;Anna_BORGQVIST_GENDER_Female_COUNTRY_Sweden_BIRTHDAY_11_June_1992_AGE_21_HEIGHT_1.64_m_WEIGHT_64_kg_SPORT_Ice_Hockey.jpg
306;0;Junko_HOSHINO_GENDER_Female_COUNTRY_Japan_BIRTHDAY_25_September_1989_AGE_24_HEIGHT_-1_WEIGHT_-1_SPORT_Freestyle_Skiing.jpg
307;0;Jessica_SMITH_GENDER_Female_COUNTRY_United_States_BIRTHDAY_14_October_1983_AGE_30_HEIGHT_1.52_m_WEIGHT_53_kg_SPORT_Short_Track.jpg
308;0;Luiza_ZLOTKOWSKA_GENDER_Female_COUNTRY_Poland_BIRTHDAY_25_May_1986_AGE_27_HEIGHT_1.60_m_WEIGHT_52_kg_SPORT_Speed_Skating.jpg
309;0;Kjersti_BUAAS_GENDER_Female_COUNTRY_Norway_BIRTHDAY_5_January_1982_AGE_32_HEIGHT_-1_WEIGHT_-1_SPORT_Snowboard.jpg
310;0;Ulla_ZIRNE_GENDER_Female_COUNTRY_Latvia_BIRTHDAY_6_August_1995_AGE_18_HEIGHT_1.72_m_WEIGHT_67_kg_SPORT_Luge.jpg
311;1;Nicole_GONTIER_GENDER_Female_COUNTRY_Italy_BIRTHDAY_17_November_1991_AGE_22_HEIGHT_1.64_m_WEIGHT_57_kg_SPORT_Biathlon.jpg
312;0;Madison_CHOCK_GENDER_Female_COUNTRY_United_States_BIRTHDAY_2_July_1992_AGE_21_HEIGHT_1.57_m_WEIGHT_-1_SPORT_Figure_Skating.jpg
313;0;Gracie_GOLD_GENDER_Female_COUNTRY_United_States_BIRTHDAY_17_August_1995_AGE_18_HEIGHT_1.65_m_WEIGHT_-1_SPORT_Figure_Skating.jpg
314;0;Ieva_JANUSKEVICIUTE_GENDER_Female_COUNTRY_Lithuania_BIRTHDAY_22_September_1994_AGE_19_HEIGHT_1.67_m_WEIGHT_58_kg_SPORT_Alpine_Skiing.jpg
315;1;Ingvild_Flugstad_OESTBERG_GENDER_Female_COUNTRY_Norway_BIRTHDAY_9_November_1990_AGE_23_HEIGHT_-1_WEIGHT_-1_SPORT_Cross-Country.jpg
316;0;Anne_SCHLEPER_GENDER_Female_COUNTRY_United_States_BIRTHDAY_30_January_1990_AGE_24_HEIGHT_1.78_m_WEIGHT_77_kg_SPORT_Ice_Hockey.jpg
317;1;Anna_RINGSRED_GENDER_Female_COUNTRY_United_States_BIRTHDAY_27_September_1984_AGE_29_HEIGHT_1.63_m_WEIGHT_59_kg_SPORT_Speed_Skating.jpg
318;0;Zana_NOVAKOVIC_GENDER_Female_COUNTRY_Bosnia_and_Herzegovina_BIRTHDAY_24_June_1985_AGE_28_HEIGHT_1.64_m_WEIGHT_58_kg_SPORT_Alpine_Skiing.jpg
319;0;Shuang_CHENG_GENDER_Female_COUNTRY_China_BIRTHDAY_11_February_1987_AGE_27_HEIGHT_1.62_m_WEIGHT_46_kg_SPORT_Freestyle_Skiing.jpg
320;1;Alyona_KHOMICH_GENDER_Female_COUNTRY_Russian_Fed._BIRTHDAY_26_February_1981_AGE_32_HEIGHT_1.68_m_WEIGHT_53_kg_SPORT_Ice_Hockey.jpg
321;0;Pernilla_WINBERG_GENDER_Female_COUNTRY_Sweden_BIRTHDAY_24_February_1989_AGE_24_HEIGHT_1.65_m_WEIGHT_63_kg_SPORT_Ice_Hockey.jpg
322;1;Assoli_SLIVETS_GENDER_Female_COUNTRY_Russian_Fed._BIRTHDAY_22_June_1982_AGE_31_HEIGHT_1.68_m_WEIGHT_64_kg_SPORT_Freestyle_Skiing.jpg
323;1;Un_Chi_GIM_GENDER_Female_COUNTRY_Korea_BIRTHDAY_23_January_1990_AGE_24_HEIGHT_1.66_m_WEIGHT_-1_SPORT_Curling.jpg
324;0;Charlotte_GILMARTIN_GENDER_Female_COUNTRY_Great_Britain_BIRTHDAY_7_March_1990_AGE_23_HEIGHT_1.63_m_WEIGHT_63_kg_SPORT_Short_Track.jpg
325;1;Sarka_PANCOCHOVA_GENDER_Female_COUNTRY_Czech_Republic_BIRTHDAY_1_November_1990_AGE_23_HEIGHT_1.59_m_WEIGHT_55_kg_SPORT_Snowboard.jpg
326;0;Elise_PELLEGRIN_GENDER_Female_COUNTRY_Malta_BIRTHDAY_7_May_1991_AGE_22_HEIGHT_1.62_m_WEIGHT_58_kg_SPORT_Alpine_Skiing.jpg
327;0;Jayna_HEFFORD_GENDER_Female_COUNTRY_Canada_BIRTHDAY_14_May_1977_AGE_36_HEIGHT_1.63_m_WEIGHT_63_kg_SPORT_Ice_Hockey.jpg
328;1;Cathy_REED_GENDER_Female_COUNTRY_Japan_BIRTHDAY_5_June_1987_AGE_26_HEIGHT_1.67_m_WEIGHT_-1_SPORT_Figure_Skating.jpg
329;1;Spencer_OBRIEN_GENDER_Female_COUNTRY_Canada_BIRTHDAY_2_February_1988_AGE_26_HEIGHT_1.72_m_WEIGHT_68_kg_SPORT_Snowboard.jpg
330;1;Hannah_TRIGGER_GENDER_Female_COUNTRY_Australia_BIRTHDAY_5_February_1987_AGE_27_HEIGHT_1.67_m_WEIGHT_60_kg_SPORT_Snowboard.jpg
331;1;Marte_HOEIE_GJEFSEN_GENDER_Female_COUNTRY_Norway_BIRTHDAY_6_March_1989_AGE_24_HEIGHT_1.69_m_WEIGHT_72_kg_SPORT_Freestyle_Skiing.jpg
332;0;Iris_SCHWABL_GENDER_Female_COUNTRY_Austria_BIRTHDAY_2_July_1987_AGE_26_HEIGHT_1.63_m_WEIGHT_55_kg_SPORT_Biathlon.jpg
333;1;Anna_KILPONEN_GENDER_Female_COUNTRY_Finland_BIRTHDAY_16_May_1995_AGE_18_HEIGHT_1.69_m_WEIGHT_74_kg_SPORT_Ice_Hockey.jpg
334;0;Seung-Hi_PARK_GENDER_Female_COUNTRY_Korea_BIRTHDAY_28_March_1992_AGE_21_HEIGHT_1.68_m_WEIGHT_58_kg_SPORT_Short_Track.jpg
335;0;Darya_DOMRACHEVA_GENDER_Female_COUNTRY_Belarus_BIRTHDAY_3_August_1986_AGE_27_HEIGHT_1.68_m_WEIGHT_56_kg_SPORT_Biathlon.jpg
336;1;Marie_DORIN_HABERT_GENDER_Female_COUNTRY_France_BIRTHDAY_19_June_1986_AGE_27_HEIGHT_1.68_m_WEIGHT_56_kg_SPORT_Biathlon.jpg
337;0;Alexandra_DUCKWORTH_GENDER_Female_COUNTRY_Canada_BIRTHDAY_11_November_1987_AGE_26_HEIGHT_1.58_m_WEIGHT_50_kg_SPORT_Snowboard.jpg
338;0;Adeline_BAUD_GENDER_Female_COUNTRY_France_BIRTHDAY_28_September_1992_AGE_21_HEIGHT_1.62_m_WEIGHT_56_kg_SPORT_Alpine_Skiing.jpg
339;0;Regina_STERZ_GENDER_Female_COUNTRY_Austria_BIRTHDAY_23_March_1985_AGE_28_HEIGHT_1.68_m_WEIGHT_61_kg_SPORT_Alpine_Skiing.jpg
340;0;Alexandra_ORLOVA_GENDER_Female_COUNTRY_Russian_Fed._BIRTHDAY_28_August_1997_AGE_16_HEIGHT_1.62_m_WEIGHT_55_kg_SPORT_Freestyle_Skiing.jpg
341;0;Ida_SARGENT_GENDER_Female_COUNTRY_United_States_BIRTHDAY_25_January_1988_AGE_26_HEIGHT_1.63_m_WEIGHT_55_kg_SPORT_Cross-Country.jpg
342;0;Janine_FLOCK_GENDER_Female_COUNTRY_Austria_BIRTHDAY_25_July_1989_AGE_24_HEIGHT_1.74_m_WEIGHT_64_kg_SPORT_Skeleton.jpg
343;0;Susann_GOTZ_GENDER_Female_COUNTRY_Germany_BIRTHDAY_14_December_1982_AGE_31_HEIGHT_1.64_m_WEIGHT_65_kg_SPORT_Ice_Hockey.jpg
344;0;Allison_POTTINGER_GENDER_Female_COUNTRY_United_States_BIRTHDAY_5_July_1973_AGE_40_HEIGHT_1.55_m_WEIGHT_-1_SPORT_Curling.jpg
345;0;Anouk_FAIVRE_PICON_GENDER_Female_COUNTRY_France_BIRTHDAY_18_February_1986_AGE_27_HEIGHT_1.67_m_WEIGHT_58_kg_SPORT_Cross-Country.jpg
346;0;Anastasia_BUCSIS_GENDER_Female_COUNTRY_Canada_BIRTHDAY_30_April_1989_AGE_24_HEIGHT_1.78_m_WEIGHT_67_kg_SPORT_Speed_Skating.jpg
347;0;Kaya_TURSKI_GENDER_Female_COUNTRY_Canada_BIRTHDAY_3_May_1988_AGE_25_HEIGHT_1.65_m_WEIGHT_57_kg_SPORT_Freestyle_Skiing.jpg
348;0;Bo_Reum_KIM_GENDER_Female_COUNTRY_Korea_BIRTHDAY_6_February_1993_AGE_21_HEIGHT_1.63_m_WEIGHT_58_kg_SPORT_Speed_Skating.jpg
349;0;Lada_ZADONSKAYA_GENDER_Female_COUNTRY_Russian_Fed._BIRTHDAY_7_April_1986_AGE_27_HEIGHT_1.70_m_WEIGHT_62_kg_SPORT_Speed_Skating.jpg
350;1;Christina_STAUDINGER_GENDER_Female_COUNTRY_Austria_BIRTHDAY_23_February_1987_AGE_26_HEIGHT_1.58_m_WEIGHT_60_kg_SPORT_Freestyle_Skiing.jpg
351;0;Aimee_WATSON_GENDER_Female_COUNTRY_Australia_BIRTHDAY_28_July_1987_AGE_26_HEIGHT_1.69_m_WEIGHT_60_kg_SPORT_Cross-Country.jpg
352;0;Venla_HOVI_GENDER_Female_COUNTRY_Finland_BIRTHDAY_28_October_1987_AGE_26_HEIGHT_1.69_m_WEIGHT_63_kg_SPORT_Ice_Hockey.jpg
353;1;Resi_STIEGLER_GENDER_Female_COUNTRY_United_States_BIRTHDAY_14_November_1985_AGE_28_HEIGHT_1.73_m_WEIGHT_61_kg_SPORT_Alpine_Skiing.jpg
354;0;Meghan_AGOSTA_GENDER_Female_COUNTRY_Canada_BIRTHDAY_12_February_1987_AGE_26_HEIGHT_1.68_m_WEIGHT_67_kg_SPORT_Ice_Hockey.jpg
355;1;Arianna_FONTANA_GENDER_Female_COUNTRY_Italy_BIRTHDAY_14_April_1990_AGE_23_HEIGHT_1.64_m_WEIGHT_63_kg_SPORT_Short_Track.jpg
356;1;Viktoria_REBENSBURG_GENDER_Female_COUNTRY_Germany_BIRTHDAY_4_October_1989_AGE_24_HEIGHT_1.69_m_WEIGHT_65_kg_SPORT_Alpine_Skiing.jpg
357;0;Shannon_SZABADOS_GENDER_Female_COUNTRY_Canada_BIRTHDAY_6_August_1986_AGE_27_HEIGHT_1.75_m_WEIGHT_65_kg_SPORT_Ice_Hockey.jpg
358;0;Susan_DUNKLEE_GENDER_Female_COUNTRY_United_States_BIRTHDAY_13_February_1986_AGE_27_HEIGHT_1.70_m_WEIGHT_63_kg_SPORT_Biathlon.jpg
359;1;Kajsa_KLING_GENDER_Female_COUNTRY_Sweden_BIRTHDAY_25_December_1988_AGE_25_HEIGHT_1.72_m_WEIGHT_73_kg_SPORT_Alpine_Skiing.jpg
360;0;Sami_KENNEDY-SIM_GENDER_Female_COUNTRY_Australia_BIRTHDAY_26_May_1988_AGE_25_HEIGHT_1.69_m_WEIGHT_70_kg_SPORT_Freestyle_Skiing.jpg
361;1;Jenny_OWENS_GENDER_Female_COUNTRY_Australia_BIRTHDAY_17_May_1978_AGE_35_HEIGHT_1.68_m_WEIGHT_65_kg_SPORT_Freestyle_Skiing.jpg
362;0;Petra_NOVAKOVA_GENDER_Female_COUNTRY_Czech_Republic_BIRTHDAY_17_August_1993_AGE_20_HEIGHT_1.64_m_WEIGHT_56_kg_SPORT_Cross-Country.jpg
363;0;Veronika_MAYERHOFER_GENDER_Female_COUNTRY_Austria_BIRTHDAY_10_July_1992_AGE_21_HEIGHT_1.76_m_WEIGHT_60_kg_SPORT_Cross-Country.jpg
364;1;Julia_DUJMOVITS_GENDER_Female_COUNTRY_Austria_BIRTHDAY_12_June_1987_AGE_26_HEIGHT_1.68_m_WEIGHT_60_kg_SPORT_Snowboard.jpg
365;0;Anemone_MARMOTTAN_GENDER_Female_COUNTRY_France_BIRTHDAY_25_May_1988_AGE_25_HEIGHT_1.70_m_WEIGHT_65_kg_SPORT_Alpine_Skiing.jpg
366;0;Emma_ELIASSON_GENDER_Female_COUNTRY_Sweden_BIRTHDAY_12_June_1989_AGE_24_HEIGHT_1.68_m_WEIGHT_72_kg_SPORT_Ice_Hockey.jpg
367;0;Angelina_GOLIKOVA_GENDER_Female_COUNTRY_Russian_Fed._BIRTHDAY_17_September_1991_AGE_22_HEIGHT_1.74_m_WEIGHT_72_kg_SPORT_Speed_Skating.jpg
368;0;Denise_FEIERABEND_GENDER_Female_COUNTRY_Switzerland_BIRTHDAY_15_April_1989_AGE_24_HEIGHT_1.70_m_WEIGHT_69_kg_SPORT_Alpine_Skiing.jpg
369;0;Kenza_TAZI_GENDER_Female_COUNTRY_Morocco_BIRTHDAY_6_February_1996_AGE_18_HEIGHT_1.66_m_WEIGHT_60_kg_SPORT_Alpine_Skiing.jpg
370;1;Anna_FENNINGER_GENDER_Female_COUNTRY_Austria_BIRTHDAY_18_June_1989_AGE_24_HEIGHT_1.66_m_WEIGHT_60_kg_SPORT_Alpine_Skiing.jpg
371;0;Therese_JOHAUG_GENDER_Female_COUNTRY_Norway_BIRTHDAY_25_June_1988_AGE_25_HEIGHT_-1_WEIGHT_-1_SPORT_Cross-Country.jpg
372;0;Esther_BOTTOMLEY_GENDER_Female_COUNTRY_Australia_BIRTHDAY_8_February_1983_AGE_31_HEIGHT_1.67_m_WEIGHT_58_kg_SPORT_Cross-Country.jpg
373;0;Chaoqing_SONG_GENDER_Female_COUNTRY_China_BIRTHDAY_21_March_1991_AGE_22_HEIGHT_1.70_m_WEIGHT_60_kg_SPORT_Biathlon.jpg
374;1;Katarzyna_WOZNIAK_GENDER_Female_COUNTRY_Poland_BIRTHDAY_5_October_1989_AGE_24_HEIGHT_1.73_m_WEIGHT_61_kg_SPORT_Speed_Skating.jpg
375;0;Lea_LEMARE_GENDER_Female_COUNTRY_France_BIRTHDAY_21_June_1996_AGE_17_HEIGHT_1.66_m_WEIGHT_52_kg_SPORT_Ski_Jumping.jpg
376;1;Nelli_ZHIGANSHINA_GENDER_Female_COUNTRY_Germany_BIRTHDAY_31_March_1987_AGE_26_HEIGHT_1.65_m_WEIGHT_-1_SPORT_Figure_Skating.jpg
377;1;Tanja_KARISIK_GENDER_Female_COUNTRY_Bosnia_and_Herzegovina_BIRTHDAY_23_July_1991_AGE_22_HEIGHT_1.69_m_WEIGHT_53_kg_SPORT_Biathlon.jpg
378;1;Isabella_LABOECK_GENDER_Female_COUNTRY_Germany_BIRTHDAY_6_April_1986_AGE_27_HEIGHT_1.67_m_WEIGHT_59_kg_SPORT_Snowboard.jpg
379;0;Seon_Yeong_NOH_GENDER_Female_COUNTRY_Korea_BIRTHDAY_19_October_1989_AGE_24_HEIGHT_1.72_m_WEIGHT_66_kg_SPORT_Speed_Skating.jpg
380;0;Maria_KIRKOVA_GENDER_Female_COUNTRY_Bulgaria_BIRTHDAY_2_January_1986_AGE_28_HEIGHT_1.65_m_WEIGHT_60_kg_SPORT_Alpine_Skiing.jpg
381;1;Emily_BAMFORD_GENDER_Female_COUNTRY_Australia_BIRTHDAY_11_March_1992_AGE_21_HEIGHT_1.69_m_WEIGHT_64_kg_SPORT_Alpine_Skiing.jpg
382;0;Chandra_CRAWFORD_GENDER_Female_COUNTRY_Canada_BIRTHDAY_19_November_1983_AGE_30_HEIGHT_1.75_m_WEIGHT_68_kg_SPORT_Cross-Country.jpg
383;0;Nadezhda_PALEEVA_GENDER_Female_COUNTRY_Russian_Fed._BIRTHDAY_24_September_1985_AGE_28_HEIGHT_1.74_m_WEIGHT_70_kg_SPORT_Bobsleigh.jpg
384;0;Irina_AVVAKUMOVA_GENDER_Female_COUNTRY_Russian_Fed._BIRTHDAY_14_September_1991_AGE_22_HEIGHT_1.71_m_WEIGHT_57_kg_SPORT_Ski_Jumping.jpg
385;0;Hege_BOKKO_GENDER_Female_COUNTRY_Norway_BIRTHDAY_5_September_1991_AGE_22_HEIGHT_-1_WEIGHT_-1_SPORT_Speed_Skating.jpg
386;0;Gigi_MARVIN_GENDER_Female_COUNTRY_United_States_BIRTHDAY_7_March_1987_AGE_26_HEIGHT_1.74_m_WEIGHT_75_kg_SPORT_Ice_Hockey.jpg
387;1;Martina_CHRAPANOVA_GENDER_Female_COUNTRY_Slovakia_BIRTHDAY_14_December_1989_AGE_24_HEIGHT_1.65_m_WEIGHT_55_kg_SPORT_Biathlon.jpg
388;0;Rozsa_DARAZS_GENDER_Female_COUNTRY_Hungary_BIRTHDAY_3_November_1987_AGE_26_HEIGHT_1.80_m_WEIGHT_65_kg_SPORT_Short_Track.jpg
389;0;Svetlana_TKACHYOVA_GENDER_Female_COUNTRY_Russian_Fed._BIRTHDAY_3_November_1984_AGE_29_HEIGHT_1.69_m_WEIGHT_60_kg_SPORT_Ice_Hockey.jpg
390;0;Valentina_MARCHEI_GENDER_Female_COUNTRY_Italy_BIRTHDAY_23_May_1986_AGE_27_HEIGHT_1.61_m_WEIGHT_-1_SPORT_Figure_Skating.jpg
391;0;Sofia_PROSVIRNOVA_GENDER_Female_COUNTRY_Russian_Fed._BIRTHDAY_20_December_1997_AGE_16_HEIGHT_1.67_m_WEIGHT_60_kg_SPORT_Short_Track.jpg
392;0;Andrea_VOETTER_GENDER_Female_COUNTRY_Italy_BIRTHDAY_3_April_1995_AGE_18_HEIGHT_1.68_m_WEIGHT_73_kg_SPORT_Luge.jpg
393;0;Andrea_KOMSIC_GENDER_Female_COUNTRY_Croatia_BIRTHDAY_4_May_1996_AGE_17_HEIGHT_1.72_m_WEIGHT_65_kg_SPORT_Alpine_Skiing.jpg
394;1;Kaitlyn_LAWES_GENDER_Female_COUNTRY_Canada_BIRTHDAY_16_December_1988_AGE_25_HEIGHT_1.60_m_WEIGHT_-1_SPORT_Curling.jpg
395;1;Grete_GAIM_GENDER_Female_COUNTRY_Estonia_BIRTHDAY_21_May_1993_AGE_20_HEIGHT_1.71_m_WEIGHT_58_kg_SPORT_Biathlon.jpg
396;0;Kseniya_GRIGOREVA_GENDER_Female_COUNTRY_Uzbekistan_BIRTHDAY_25_November_1987_AGE_26_HEIGHT_1.70_m_WEIGHT_65_kg_SPORT_Alpine_Skiing.jpg
397;1;Kate_HANSEN_GENDER_Female_COUNTRY_United_States_BIRTHDAY_9_June_1992_AGE_21_HEIGHT_1.73_m_WEIGHT_73_kg_SPORT_Luge.jpg
398;0;Ekaterina_BATURINA_GENDER_Female_COUNTRY_Russian_Fed._BIRTHDAY_28_July_1992_AGE_21_HEIGHT_-1_WEIGHT_-1_SPORT_Luge.jpg
399;0;Sophia_GRIEBEL_GENDER_Female_COUNTRY_Germany_BIRTHDAY_7_June_1990_AGE_23_HEIGHT_1.71_m_WEIGHT_62_kg_SPORT_Skeleton.jpg
400;0;Tessa_VIRTUE_GENDER_Female_COUNTRY_Canada_BIRTHDAY_17_May_1989_AGE_24_HEIGHT_1.65_m_WEIGHT_-1_SPORT_Figure_Skating.jpg
401;0;Eva_SAMKOVA_GENDER_Female_COUNTRY_Czech_Republic_BIRTHDAY_28_April_1993_AGE_20_HEIGHT_1.71_m_WEIGHT_68_kg_SPORT_Snowboard.jpg
402;1;Elena_NIKITINA_GENDER_Female_COUNTRY_Russian_Fed._BIRTHDAY_2_November_1992_AGE_21_HEIGHT_1.69_m_WEIGHT_57_kg_SPORT_Skeleton.jpg
403;0;Nina_LOESETH_GENDER_Female_COUNTRY_Norway_BIRTHDAY_27_February_1989_AGE_24_HEIGHT_-1_WEIGHT_-1_SPORT_Alpine_Skiing.jpg
404;0;Meaghan_MIKKELSON_GENDER_Female_COUNTRY_Canada_BIRTHDAY_4_January_1985_AGE_29_HEIGHT_1.75_m_WEIGHT_67_kg_SPORT_Ice_Hockey.jpg
405;1;Darya_USANOVA_GENDER_Female_COUNTRY_Kazakhstan_BIRTHDAY_6_September_1989_AGE_24_HEIGHT_1.70_m_WEIGHT_65_kg_SPORT_Biathlon.jpg
406;0;Helle_SIMONSEN_GENDER_Female_COUNTRY_Denmark_BIRTHDAY_7_September_1984_AGE_29_HEIGHT_1.80_m_WEIGHT_-1_SPORT_Curling.jpg
407;0;Salome_BANCORA_GENDER_Female_COUNTRY_Argentina_BIRTHDAY_28_February_1993_AGE_20_HEIGHT_-1_WEIGHT_-1_SPORT_Alpine_Skiing.jpg
408;0;Taylor_HENRICH_GENDER_Female_COUNTRY_Canada_BIRTHDAY_1_November_1995_AGE_18_HEIGHT_1.66_m_WEIGHT_54_kg_SPORT_Ski_Jumping.jpg
409;1;Anna_SEGAL_GENDER_Female_COUNTRY_Australia_BIRTHDAY_15_August_1986_AGE_27_HEIGHT_1.64_m_WEIGHT_59_kg_SPORT_Freestyle_Skiing.jpg
410;1;Anna_SEIDEL_GENDER_Female_COUNTRY_Germany_BIRTHDAY_31_March_1998_AGE_15_HEIGHT_1.63_m_WEIGHT_43_kg_SPORT_Short_Track.jpg
411;1;Ksenia_STOLBOVA_GENDER_Female_COUNTRY_Russian_Fed._BIRTHDAY_7_February_1992_AGE_22_HEIGHT_1.58_m_WEIGHT_-1_SPORT_Figure_Skating.jpg
412;0;Jennifer_CIOCHETTI_GENDER_Female_COUNTRY_Canada_BIRTHDAY_2_December_1984_AGE_29_HEIGHT_1.70_m_WEIGHT_76_kg_SPORT_Bobsleigh.jpg
413;0;Shiori_KOIKE_GENDER_Female_COUNTRY_Japan_BIRTHDAY_21_March_1993_AGE_20_HEIGHT_1.58_m_WEIGHT_51_kg_SPORT_Ice_Hockey.jpg
414;1;Zanna_JUSKANE_GENDER_Female_COUNTRY_Latvia_BIRTHDAY_5_October_1989_AGE_24_HEIGHT_1.57_m_WEIGHT_53_kg_SPORT_Biathlon.jpg
415;1;Viktoriya_FILYUSHKINA_GENDER_Female_COUNTRY_Russian_Fed._BIRTHDAY_2_June_1985_AGE_28_HEIGHT_1.64_m_WEIGHT_63_kg_SPORT_Speed_Skating.jpg
416;0;Amanda_KESSEL_GENDER_Female_COUNTRY_United_States_BIRTHDAY_28_August_1991_AGE_22_HEIGHT_1.65_m_WEIGHT_61_kg_SPORT_Ice_Hockey.jpg
417;1;Maria_HOEFL-RIESCH_GENDER_Female_COUNTRY_Germany_BIRTHDAY_24_November_1984_AGE_29_HEIGHT_1.82_m_WEIGHT_78_kg_SPORT_Alpine_Skiing.jpg
418;1;Vedrana_MALEC_GENDER_Female_COUNTRY_Croatia_BIRTHDAY_24_March_1990_AGE_23_HEIGHT_1.71_m_WEIGHT_61_kg_SPORT_Cross-Country.jpg
419;0;Siobhan_HEEKIN-CANEDY_GENDER_Female_COUNTRY_Ukraine_BIRTHDAY_31_July_1991_AGE_22_HEIGHT_1.70_m_WEIGHT_-1_SPORT_Figure_Skating.jpg
420;0;Yana_ROMANOVA_GENDER_Female_COUNTRY_Russian_Fed._BIRTHDAY_11_May_1983_AGE_30_HEIGHT_1.66_m_WEIGHT_57_kg_SPORT_Biathlon.jpg
421;0;Elena_KHRUSTALEVA_GENDER_Female_COUNTRY_Kazakhstan_BIRTHDAY_28_September_1980_AGE_33_HEIGHT_1.74_m_WEIGHT_54_kg_SPORT_Biathlon.jpg
422;1;Elisa_GASPARIN_GENDER_Female_COUNTRY_Switzerland_BIRTHDAY_2_December_1991_AGE_22_HEIGHT_1.59_m_WEIGHT_50_kg_SPORT_Biathlon.jpg
423;0;Bettina_EVERS_GENDER_Female_COUNTRY_Germany_BIRTHDAY_17_August_1981_AGE_32_HEIGHT_1.68_m_WEIGHT_71_kg_SPORT_Ice_Hockey.jpg
424;1;Monique_ANGERMUELLER_GENDER_Female_COUNTRY_Germany_BIRTHDAY_27_January_1984_AGE_30_HEIGHT_1.75_m_WEIGHT_65_kg_SPORT_Speed_Skating.jpg
425;0;Aita_GASPARIN_GENDER_Female_COUNTRY_Switzerland_BIRTHDAY_9_February_1994_AGE_20_HEIGHT_1.63_m_WEIGHT_53_kg_SPORT_Biathlon.jpg
426;0;Agne_SEREIKAITE_GENDER_Female_COUNTRY_Lithuania_BIRTHDAY_19_October_1994_AGE_19_HEIGHT_1.74_m_WEIGHT_65_kg_SPORT_Short_Track.jpg
427;0;Ivanie_BLONDIN_GENDER_Female_COUNTRY_Canada_BIRTHDAY_2_April_1990_AGE_23_HEIGHT_1.61_m_WEIGHT_56_kg_SPORT_Speed_Skating.jpg
428;0;Sara_GRAHN_GENDER_Female_COUNTRY_Sweden_BIRTHDAY_25_September_1988_AGE_25_HEIGHT_1.70_m_WEIGHT_71_kg_SPORT_Ice_Hockey.jpg
429;0;Tea_VILLILA_GENDER_Female_COUNTRY_Finland_BIRTHDAY_16_April_1991_AGE_22_HEIGHT_1.68_m_WEIGHT_63_kg_SPORT_Ice_Hockey.jpg
430;1;Viola_KLEISER_GENDER_Female_COUNTRY_Austria_BIRTHDAY_13_November_1990_AGE_23_HEIGHT_1.78_m_WEIGHT_72_kg_SPORT_Bobsleigh.jpg
431;0;Nastasia_NOENS_GENDER_Female_COUNTRY_France_BIRTHDAY_12_September_1988_AGE_25_HEIGHT_1.78_m_WEIGHT_67_kg_SPORT_Alpine_Skiing.jpg
432;1;Anastasia_DOTSENKO_GENDER_Female_COUNTRY_Russian_Fed._BIRTHDAY_14_October_1986_AGE_27_HEIGHT_1.70_m_WEIGHT_60_kg_SPORT_Cross-Country.jpg
433;0;Wendy_HOLDENER_GENDER_Female_COUNTRY_Switzerland_BIRTHDAY_12_May_1993_AGE_20_HEIGHT_1.67_m_WEIGHT_60_kg_SPORT_Alpine_Skiing.jpg
434;1;Arisa_MURATA_GENDER_Female_COUNTRY_Japan_BIRTHDAY_17_October_1990_AGE_23_HEIGHT_1.51_m_WEIGHT_48_kg_SPORT_Freestyle_Skiing.jpg
435;0;Bo_Ra_LEE_GENDER_Female_COUNTRY_Korea_BIRTHDAY_16_August_1986_AGE_27_HEIGHT_1.67_m_WEIGHT_55_kg_SPORT_Speed_Skating.jpg
436;0;Laurien_VAN_DER_GRAAFF_GENDER_Female_COUNTRY_Switzerland_BIRTHDAY_14_October_1987_AGE_26_HEIGHT_1.67_m_WEIGHT_57_kg_SPORT_Cross-Country.jpg
437;1;Dorothea_WIERER_GENDER_Female_COUNTRY_Italy_BIRTHDAY_3_April_1990_AGE_23_HEIGHT_1.58_m_WEIGHT_60_kg_SPORT_Biathlon.jpg
438;0;Ekaterina_BOBROVA_GENDER_Female_COUNTRY_Russian_Fed._BIRTHDAY_28_March_1990_AGE_23_HEIGHT_1.60_m_WEIGHT_-1_SPORT_Figure_Skating.jpg
439;1;Carmen_SCHAEFER_GENDER_Female_COUNTRY_Switzerland_BIRTHDAY_8_January_1981_AGE_33_HEIGHT_1.61_m_WEIGHT_-1_SPORT_Curling.jpg
440;0;Cornelia_HUETTER_GENDER_Female_COUNTRY_Austria_BIRTHDAY_29_October_1992_AGE_21_HEIGHT_1.71_m_WEIGHT_64_kg_SPORT_Alpine_Skiing.jpg
441;0;Natalie_GEISENBERGER_GENDER_Female_COUNTRY_Germany_BIRTHDAY_5_February_1988_AGE_26_HEIGHT_1.83_m_WEIGHT_76_kg_SPORT_Luge.jpg
442;1;Marielle_THOMPSON_GENDER_Female_COUNTRY_Canada_BIRTHDAY_15_June_1992_AGE_21_HEIGHT_1.80_m_WEIGHT_72_kg_SPORT_Freestyle_Skiing.jpg
443;0;Christin_SENKEL_GENDER_Female_COUNTRY_Germany_BIRTHDAY_31_August_1987_AGE_26_HEIGHT_1.80_m_WEIGHT_78_kg_SPORT_Bobsleigh.jpg
444;0;Anna_SLOAN_GENDER_Female_COUNTRY_Great_Britain_BIRTHDAY_5_February_1991_AGE_23_HEIGHT_-1_WEIGHT_-1_SPORT_Curling.jpg
445;0;Sara_HECTOR_GENDER_Female_COUNTRY_Sweden_BIRTHDAY_4_September_1992_AGE_21_HEIGHT_1.67_m_WEIGHT_66_kg_SPORT_Alpine_Skiing.jpg
446;0;Jasmine_CAMPBELL_GENDER_Female_COUNTRY_Virgin_Isl,_US_BIRTHDAY_11_August_1991_AGE_22_HEIGHT_1.70_m_WEIGHT_64_kg_SPORT_Alpine_Skiing.jpg
447;1;Elfje_WILLEMSEN_GENDER_Female_COUNTRY_Belgium_BIRTHDAY_11_January_1985_AGE_29_HEIGHT_1.74_m_WEIGHT_78_kg_SPORT_Bobsleigh.jpg
448;0;Tiril_ECKHOFF_GENDER_Female_COUNTRY_Norway_BIRTHDAY_21_May_1990_AGE_23_HEIGHT_-1_WEIGHT_-1_SPORT_Biathlon.jpg
449;0;Nina_RAGETTLI_GENDER_Female_COUNTRY_Switzerland_BIRTHDAY_6_March_1993_AGE_20_HEIGHT_1.62_m_WEIGHT_-1_SPORT_Freestyle_Skiing.jpg
450;1;Desislava_STOYANOVA_GENDER_Female_COUNTRY_Bulgaria_BIRTHDAY_10_April_1992_AGE_21_HEIGHT_1.69_m_WEIGHT_59_kg_SPORT_Biathlon.jpg
451;0;Denise_KARBON_GENDER_Female_COUNTRY_Italy_BIRTHDAY_16_August_1980_AGE_33_HEIGHT_1.60_m_WEIGHT_60_kg_SPORT_Alpine_Skiing.jpg
452;0;Hilary_KNIGHT_GENDER_Female_COUNTRY_United_States_BIRTHDAY_12_July_1989_AGE_24_HEIGHT_1.80_m_WEIGHT_78_kg_SPORT_Ice_Hockey.jpg
453;0;Anastasiya_NOVOSAD_GENDER_Female_COUNTRY_Ukraine_BIRTHDAY_8_May_1993_AGE_20_HEIGHT_1.60_m_WEIGHT_55_kg_SPORT_Freestyle_Skiing.jpg
454;0;Julia_LAVRENTIEVA_GENDER_Female_COUNTRY_Ukraine_BIRTHDAY_11_June_1997_AGE_16_HEIGHT_1.55_m_WEIGHT_-1_SPORT_Figure_Skating.jpg
455;0;Emily_NISHIKAWA_GENDER_Female_COUNTRY_Canada_BIRTHDAY_26_July_1989_AGE_24_HEIGHT_1.63_m_WEIGHT_61_kg_SPORT_Cross-Country.jpg
456;0;Mirjam_JAEGER_GENDER_Female_COUNTRY_Switzerland_BIRTHDAY_9_November_1982_AGE_31_HEIGHT_1.73_m_WEIGHT_64_kg_SPORT_Freestyle_Skiing.jpg
457;0;Evi_SACHENBACHER-STEHLE_GENDER_Female_COUNTRY_Germany_BIRTHDAY_27_November_1980_AGE_33_HEIGHT_1.62_m_WEIGHT_52_kg_SPORT_Biathlon.jpg
458;1;Amy_SHEEHAN_GENDER_Female_COUNTRY_Australia_BIRTHDAY_26_October_1986_AGE_27_HEIGHT_1.64_m_WEIGHT_59_kg_SPORT_Freestyle_Skiing.jpg
459;0;Terezia_POLIAKOVA_GENDER_Female_COUNTRY_Slovakia_BIRTHDAY_2_April_1989_AGE_24_HEIGHT_1.70_m_WEIGHT_53_kg_SPORT_Biathlon.jpg
460;0;Anais_CARADEUX_GENDER_Female_COUNTRY_France_BIRTHDAY_30_June_1990_AGE_23_HEIGHT_1.50_m_WEIGHT_53_kg_SPORT_Freestyle_Skiing.jpg
461;0;Michela_PONZA_GENDER_Female_COUNTRY_Italy_BIRTHDAY_12_February_1979_AGE_35_HEIGHT_1.64_m_WEIGHT_53_kg_SPORT_Biathlon.jpg
462;1;Karolina_GROHOVA_GENDER_Female_COUNTRY_Czech_Republic_BIRTHDAY_21_November_1990_AGE_23_HEIGHT_1.70_m_WEIGHT_66_kg_SPORT_Cross-Country.jpg
463;0;Stacey_KEMP_GENDER_Female_COUNTRY_Great_Britain_BIRTHDAY_25_July_1988_AGE_25_HEIGHT_1.55_m_WEIGHT_-1_SPORT_Figure_Skating.jpg
464;0;Tatiana_BODOVA_GENDER_Female_COUNTRY_Slovakia_BIRTHDAY_8_May_1991_AGE_22_HEIGHT_1.67_m_WEIGHT_61_kg_SPORT_Short_Track.jpg
465;1;Maxime_DUFOUR-LAPOINTE_GENDER_Female_COUNTRY_Canada_BIRTHDAY_9_February_1989_AGE_25_HEIGHT_1.67_m_WEIGHT_63_kg_SPORT_Freestyle_Skiing.jpg
466;1;Anke_KARSTENS_GENDER_Female_COUNTRY_Germany_BIRTHDAY_13_October_1985_AGE_28_HEIGHT_1.75_m_WEIGHT_65_kg_SPORT_Snowboard.jpg
467;0;Teresa_STADLOBER_GENDER_Female_COUNTRY_Austria_BIRTHDAY_1_February_1993_AGE_21_HEIGHT_1.68_m_WEIGHT_52_kg_SPORT_Cross-Country.jpg
468;0;Andrea_LIMBACHER_GENDER_Female_COUNTRY_Austria_BIRTHDAY_25_July_1989_AGE_24_HEIGHT_1.62_m_WEIGHT_60_kg_SPORT_Freestyle_Skiing.jpg
469;1;Laurenne_ROSS_GENDER_Female_COUNTRY_United_States_BIRTHDAY_17_August_1988_AGE_25_HEIGHT_1.73_m_WEIGHT_68_kg_SPORT_Alpine_Skiing.jpg
470;1;Kanako_MURAKAMI_GENDER_Female_COUNTRY_Japan_BIRTHDAY_7_November_1994_AGE_19_HEIGHT_1.62_m_WEIGHT_-1_SPORT_Figure_Skating.jpg
471;1;Valentina_WALLNER_GENDER_Female_COUNTRY_Sweden_BIRTHDAY_30_March_1990_AGE_23_HEIGHT_1.70_m_WEIGHT_65_kg_SPORT_Ice_Hockey.jpg
472;0;Jessica_LINDELL-VIKARBY_GENDER_Female_COUNTRY_Sweden_BIRTHDAY_7_February_1984_AGE_30_HEIGHT_1.69_m_WEIGHT_69_kg_SPORT_Alpine_Skiing.jpg
473;1;Zsofia_KONYA_GENDER_Female_COUNTRY_Hungary_BIRTHDAY_6_February_1995_AGE_19_HEIGHT_1.58_m_WEIGHT_56_kg_SPORT_Short_Track.jpg
474;0;Alena_ZAVARZINA_GENDER_Female_COUNTRY_Russian_Fed._BIRTHDAY_27_May_1989_AGE_24_HEIGHT_1.75_m_WEIGHT_60_kg_SPORT_Snowboard.jpg
475;1;Ariane_WALSER_GENDER_Female_COUNTRY_Switzerland_BIRTHDAY_6_June_1981_AGE_32_HEIGHT_-1_WEIGHT_-1_SPORT_Bobsleigh.jpg
476;0;Nikola_SUDOVA_GENDER_Female_COUNTRY_Czech_Republic_BIRTHDAY_17_March_1982_AGE_31_HEIGHT_1.62_m_WEIGHT_55_kg_SPORT_Freestyle_Skiing.jpg
477;0;Patrycja_MALISZEWSKA_GENDER_Female_COUNTRY_Poland_BIRTHDAY_12_March_1988_AGE_25_HEIGHT_1.71_m_WEIGHT_62_kg_SPORT_Short_Track.jpg
478;1;Teja_GREGORIN_GENDER_Female_COUNTRY_Slovenia_BIRTHDAY_29_June_1980_AGE_33_HEIGHT_1.71_m_WEIGHT_57_kg_SPORT_Biathlon.jpg
479;1;Greta_SMALL_GENDER_Female_COUNTRY_Australia_BIRTHDAY_16_October_1995_AGE_18_HEIGHT_1.71_m_WEIGHT_70_kg_SPORT_Alpine_Skiing.jpg
480;0;Lee_STECKLEIN_GENDER_Female_COUNTRY_United_States_BIRTHDAY_23_April_1994_AGE_19_HEIGHT_1.83_m_WEIGHT_77_kg_SPORT_Ice_Hockey.jpg
481;1;Clemence_GRIMAL_GENDER_Female_COUNTRY_France_BIRTHDAY_4_March_1994_AGE_19_HEIGHT_1.76_m_WEIGHT_70_kg_SPORT_Snowboard.jpg
482;0;Verena_STUFFER_GENDER_Female_COUNTRY_Italy_BIRTHDAY_23_June_1984_AGE_29_HEIGHT_1.68_m_WEIGHT_65_kg_SPORT_Alpine_Skiing.jpg
483;0;Celine_BRUN-LIE_GENDER_Female_COUNTRY_Norway_BIRTHDAY_18_March_1988_AGE_25_HEIGHT_-1_WEIGHT_-1_SPORT_Cross-Country.jpg
484;0;Inga_DAUSHKANE_GENDER_Female_COUNTRY_Latvia_BIRTHDAY_12_April_1980_AGE_33_HEIGHT_1.71_m_WEIGHT_60_kg_SPORT_Cross-Country.jpg
485;1;Nathalie_SCHWARZ_GENDER_Female_COUNTRY_Austria_BIRTHDAY_29_July_1993_AGE_20_HEIGHT_1.61_m_WEIGHT_54_kg_SPORT_Cross-Country.jpg
486;1;Astrid_Uhrenholdt_JACOBSEN_GENDER_Female_COUNTRY_Norway_BIRTHDAY_22_January_1987_AGE_27_HEIGHT_-1_WEIGHT_-1_SPORT_Cross-Country.jpg
487;0;Marie_MARCHAND-ARVIER_GENDER_Female_COUNTRY_France_BIRTHDAY_8_April_1985_AGE_28_HEIGHT_1.64_m_WEIGHT_61_kg_SPORT_Alpine_Skiing.jpg
488;0;Christina_HENGSTER_GENDER_Female_COUNTRY_Austria_BIRTHDAY_4_February_1986_AGE_28_HEIGHT_1.77_m_WEIGHT_73_kg_SPORT_Bobsleigh.jpg
489;0;Heather_RICHARDSON_GENDER_Female_COUNTRY_United_States_BIRTHDAY_20_March_1989_AGE_24_HEIGHT_1.78_m_WEIGHT_73_kg_SPORT_Speed_Skating.jpg
490;1;Haley_IRWIN_GENDER_Female_COUNTRY_Canada_BIRTHDAY_6_June_1988_AGE_25_HEIGHT_1.70_m_WEIGHT_78_kg_SPORT_Ice_Hockey.jpg
491;0;Forough_ABBASI_GENDER_Female_COUNTRY_IR_Iran_BIRTHDAY_15_September_1993_AGE_20_HEIGHT_1.64_m_WEIGHT_58_kg_SPORT_Alpine_Skiing.jpg
492;0;Sena_SUZUKI_GENDER_Female_COUNTRY_Japan_BIRTHDAY_4_August_1991_AGE_22_HEIGHT_1.66_m_WEIGHT_57_kg_SPORT_Ice_Hockey.jpg
493;0;Mari_HEMMER_GENDER_Female_COUNTRY_Norway_BIRTHDAY_20_November_1983_AGE_30_HEIGHT_-1_WEIGHT_-1_SPORT_Speed_Skating.jpg
494;0;Ekaterina_TUDEGESHEVA_GENDER_Female_COUNTRY_Russian_Fed._BIRTHDAY_30_October_1987_AGE_26_HEIGHT_1.62_m_WEIGHT_65_kg_SPORT_Snowboard.jpg
495;1;Ida_INGEMARSDOTTER_GENDER_Female_COUNTRY_Sweden_BIRTHDAY_26_April_1985_AGE_28_HEIGHT_1.74_m_WEIGHT_66_kg_SPORT_Cross-Country.jpg
496;0;Nicole_FESSEL_GENDER_Female_COUNTRY_Germany_BIRTHDAY_19_March_1983_AGE_30_HEIGHT_1.70_m_WEIGHT_57_kg_SPORT_Cross-Country.jpg
497;0;Sandra_GASPARINI_GENDER_Female_COUNTRY_Italy_BIRTHDAY_28_November_1990_AGE_23_HEIGHT_1.73_m_WEIGHT_68_kg_SPORT_Luge.jpg
498;1;Marie-Philip_POULIN_GENDER_Female_COUNTRY_Canada_BIRTHDAY_28_March_1991_AGE_22_HEIGHT_1.69_m_WEIGHT_72_kg_SPORT_Ice_Hockey.jpg
499;0;Miriam_ZIEGLER_GENDER_Female_COUNTRY_Austria_BIRTHDAY_19_March_1994_AGE_19_HEIGHT_1.54_m_WEIGHT_-1_SPORT_Figure_Skating.jpg
500;0;Marion_KREINER_GENDER_Female_COUNTRY_Austria_BIRTHDAY_4_May_1981_AGE_32_HEIGHT_1.70_m_WEIGHT_61_kg_SPORT_Snowboard.jpg
501;1;Ingrida_ARDISAUSKAITE_GENDER_Female_COUNTRY_Lithuania_BIRTHDAY_17_January_1993_AGE_21_HEIGHT_1.78_m_WEIGHT_65_kg_SPORT_Cross-Country.jpg
502;0;Jee-Won_SEO_GENDER_Female_COUNTRY_Korea_BIRTHDAY_13_April_1994_AGE_19_HEIGHT_1.65_m_WEIGHT_50_kg_SPORT_Freestyle_Skiing.jpg
503;1;Susanne_FELLNER_GENDER_Female_COUNTRY_Germany_BIRTHDAY_26_February_1985_AGE_28_HEIGHT_1.59_m_WEIGHT_55_kg_SPORT_Ice_Hockey.jpg
504;0;Anna_WOERNER_GENDER_Female_COUNTRY_Germany_BIRTHDAY_27_September_1989_AGE_24_HEIGHT_1.76_m_WEIGHT_76_kg_SPORT_Freestyle_Skiing.jpg
505;1;Jessica_GREGG_GENDER_Female_COUNTRY_Canada_BIRTHDAY_16_March_1988_AGE_25_HEIGHT_1.74_m_WEIGHT_62_kg_SPORT_Short_Track.jpg
506;0;Francesca_MARSAGLIA_GENDER_Female_COUNTRY_Italy_BIRTHDAY_27_January_1990_AGE_24_HEIGHT_1.67_m_WEIGHT_61_kg_SPORT_Alpine_Skiing.jpg
507;0;Jamie_GREUBEL_GENDER_Female_COUNTRY_United_States_BIRTHDAY_9_November_1983_AGE_30_HEIGHT_1.75_m_WEIGHT_77_kg_SPORT_Bobsleigh.jpg
508;0;Bernadette_SCHILD_GENDER_Female_COUNTRY_Austria_BIRTHDAY_2_January_1990_AGE_24_HEIGHT_1.65_m_WEIGHT_55_kg_SPORT_Alpine_Skiing.jpg
509;0;Riikka_SARASOJA-LILJA_GENDER_Female_COUNTRY_Finland_BIRTHDAY_23_February_1982_AGE_31_HEIGHT_1.64_m_WEIGHT_55_kg_SPORT_Cross-Country.jpg
510;0;Anna_HOLMLUND_GENDER_Female_COUNTRY_Sweden_BIRTHDAY_3_October_1987_AGE_26_HEIGHT_1.83_m_WEIGHT_76_kg_SPORT_Freestyle_Skiing.jpg
511;1;Krista_LAHTEENMAKI_GENDER_Female_COUNTRY_Finland_BIRTHDAY_12_December_1990_AGE_23_HEIGHT_1.60_m_WEIGHT_56_kg_SPORT_Cross-Country.jpg
512;1;Belle_BROCKHOFF_GENDER_Female_COUNTRY_Australia_BIRTHDAY_12_January_1993_AGE_21_HEIGHT_1.70_m_WEIGHT_70_kg_SPORT_Snowboard.jpg
513;1;Tina_MAZE_GENDER_Female_COUNTRY_Slovenia_BIRTHDAY_2_May_1983_AGE_30_HEIGHT_1.71_m_WEIGHT_68_kg_SPORT_Alpine_Skiing.jpg
514;0;Valentina_SHEVCHENKO_GENDER_Female_COUNTRY_Ukraine_BIRTHDAY_2_October_1975_AGE_38_HEIGHT_1.65_m_WEIGHT_51_kg_SPORT_Cross-Country.jpg
515;0;Sylwia_JASKOWIEC_GENDER_Female_COUNTRY_Poland_BIRTHDAY_1_March_1986_AGE_27_HEIGHT_1.61_m_WEIGHT_55_kg_SPORT_Cross-Country.jpg
516;1;Anne_Line_GJERSEM_GENDER_Female_COUNTRY_Norway_BIRTHDAY_6_January_1994_AGE_20_HEIGHT_-1_WEIGHT_-1_SPORT_Figure_Skating.jpg
517;0;Marissa_CASTELLI_GENDER_Female_COUNTRY_United_States_BIRTHDAY_20_August_1990_AGE_23_HEIGHT_1.52_m_WEIGHT_-1_SPORT_Figure_Skating.jpg
518;1;Nadiya_DIDENKO_GENDER_Female_COUNTRY_Ukraine_BIRTHDAY_7_March_1986_AGE_27_HEIGHT_1.68_m_WEIGHT_65_kg_SPORT_Freestyle_Skiing.jpg
519;0;Erla_ASGEIRSDOTTIR_GENDER_Female_COUNTRY_Iceland_BIRTHDAY_27_January_1994_AGE_20_HEIGHT_1.74_m_WEIGHT_-1_SPORT_Alpine_Skiing.jpg
520;1;Danielle_WOTHERSPOON_GENDER_Female_COUNTRY_Canada_BIRTHDAY_13_April_1980_AGE_33_HEIGHT_1.76_m_WEIGHT_63_kg_SPORT_Speed_Skating.jpg
521;1;Tereza_VACULIKOVA_GENDER_Female_COUNTRY_Czech_Republic_BIRTHDAY_30_October_1992_AGE_21_HEIGHT_1.63_m_WEIGHT_58_kg_SPORT_Freestyle_Skiing.jpg
522;0;Georgia_SIMMERLING_GENDER_Female_COUNTRY_Canada_BIRTHDAY_11_March_1989_AGE_24_HEIGHT_1.72_m_WEIGHT_67_kg_SPORT_Freestyle_Skiing.jpg
523;1;Anna_PRUGOVA_GENDER_Female_COUNTRY_Russian_Fed._BIRTHDAY_20_November_1993_AGE_20_HEIGHT_1.74_m_WEIGHT_60_kg_SPORT_Ice_Hockey.jpg
524;0;Szandra_LAJTOS_GENDER_Female_COUNTRY_Hungary_BIRTHDAY_22_July_1986_AGE_27_HEIGHT_1.70_m_WEIGHT_63_kg_SPORT_Short_Track.jpg
525;1;Jessica_DIGGINS_GENDER_Female_COUNTRY_United_States_BIRTHDAY_26_August_1991_AGE_22_HEIGHT_1.63_m_WEIGHT_58_kg_SPORT_Cross-Country.jpg
526;1;Anja_SCHNEIDERHEINZE_GENDER_Female_COUNTRY_Germany_BIRTHDAY_8_April_1978_AGE_35_HEIGHT_1.69_m_WEIGHT_78_kg_SPORT_Bobsleigh.jpg
527;0;Heidi_KLOSER_GENDER_Female_COUNTRY_United_States_BIRTHDAY_18_September_1992_AGE_21_HEIGHT_1.70_m_WEIGHT_59_kg_SPORT_Freestyle_Skiing.jpg
528;0;Jennifer_HARSS_GENDER_Female_COUNTRY_Germany_BIRTHDAY_14_July_1987_AGE_26_HEIGHT_1.75_m_WEIGHT_65_kg_SPORT_Ice_Hockey.jpg
529;0;Seung_Ju_PARK_GENDER_Female_COUNTRY_Korea_BIRTHDAY_15_September_1990_AGE_23_HEIGHT_1.60_m_WEIGHT_51_kg_SPORT_Speed_Skating.jpg
530;1;Nika_RAZINGER_GENDER_Female_COUNTRY_Slovenia_BIRTHDAY_5_October_1993_AGE_20_HEIGHT_1.63_m_WEIGHT_58_kg_SPORT_Cross-Country.jpg
531;1;Mari_LAUKKANEN_GENDER_Female_COUNTRY_Finland_BIRTHDAY_9_November_1987_AGE_26_HEIGHT_1.71_m_WEIGHT_58_kg_SPORT_Biathlon.jpg
532;0;Evgenia_SHAPOVALOVA_GENDER_Female_COUNTRY_Russian_Fed._BIRTHDAY_15_June_1986_AGE_27_HEIGHT_1.70_m_WEIGHT_64_kg_SPORT_Cross-Country.jpg
533;0;Akiko_SUZUKI_GENDER_Female_COUNTRY_Japan_BIRTHDAY_28_March_1985_AGE_28_HEIGHT_1.60_m_WEIGHT_-1_SPORT_Figure_Skating.jpg
534;0;Mona-Lisa_MALVALEHTO_GENDER_Female_COUNTRY_Finland_BIRTHDAY_20_July_1983_AGE_30_HEIGHT_1.74_m_WEIGHT_60_kg_SPORT_Cross-Country.jpg
535;0;Jenna_BLASMAN_GENDER_Female_COUNTRY_Canada_BIRTHDAY_24_September_1993_AGE_20_HEIGHT_1.57_m_WEIGHT_58_kg_SPORT_Snowboard.jpg
536;0;Andrea_DAVIDOVICH_GENDER_Female_COUNTRY_Israel_BIRTHDAY_24_March_1997_AGE_16_HEIGHT_1.52_m_WEIGHT_-1_SPORT_Figure_Skating.jpg
537;0;Anne-Sophie_BARTHET_GENDER_Female_COUNTRY_France_BIRTHDAY_23_February_1988_AGE_25_HEIGHT_1.70_m_WEIGHT_70_kg_SPORT_Alpine_Skiing.jpg
538;0;Dominique_GISIN_GENDER_Female_COUNTRY_Switzerland_BIRTHDAY_4_June_1985_AGE_28_HEIGHT_1.72_m_WEIGHT_70_kg_SPORT_Alpine_Skiing.jpg
539;0;Meagan_DUHAMEL_GENDER_Female_COUNTRY_Canada_BIRTHDAY_8_December_1985_AGE_28_HEIGHT_1.48_m_WEIGHT_-1_SPORT_Figure_Skating.jpg
540;0;Rianne_DE_VRIES_GENDER_Female_COUNTRY_Netherlands_BIRTHDAY_14_December_1990_AGE_23_HEIGHT_1.68_m_WEIGHT_57_kg_SPORT_Short_Track.jpg
541;0;Stephanie_MAGIROS_GENDER_Female_COUNTRY_Australia_BIRTHDAY_5_May_1991_AGE_22_HEIGHT_1.50_m_WEIGHT_50_kg_SPORT_Snowboard.jpg
542;0;Narumi_TAKAHASHI_GENDER_Female_COUNTRY_Japan_BIRTHDAY_15_January_1992_AGE_22_HEIGHT_1.46_m_WEIGHT_-1_SPORT_Figure_Skating.jpg
543;1;Jenni_ASSERHOLT_GENDER_Female_COUNTRY_Sweden_BIRTHDAY_8_April_1988_AGE_25_HEIGHT_1.71_m_WEIGHT_72_kg_SPORT_Ice_Hockey.jpg
544;0;Karolina_ERBANOVA_GENDER_Female_COUNTRY_Czech_Republic_BIRTHDAY_27_October_1992_AGE_21_HEIGHT_1.76_m_WEIGHT_70_kg_SPORT_Speed_Skating.jpg
545;1;Arianne_JONES_GENDER_Female_COUNTRY_Canada_BIRTHDAY_21_September_1990_AGE_23_HEIGHT_1.64_m_WEIGHT_60_kg_SPORT_Luge.jpg
546;0;Marianne_LEESON_GENDER_Female_COUNTRY_Canada_BIRTHDAY_19_October_1987_AGE_26_HEIGHT_1.73_m_WEIGHT_62_kg_SPORT_Snowboard.jpg
547;0;Sarka_STRACHOVA_GENDER_Female_COUNTRY_Czech_Republic_BIRTHDAY_11_February_1985_AGE_29_HEIGHT_1.74_m_WEIGHT_66_kg_SPORT_Alpine_Skiing.jpg
548;1;Julia_ZLOBINA_GENDER_Female_COUNTRY_Azerbaijan_BIRTHDAY_28_June_1989_AGE_24_HEIGHT_1.58_m_WEIGHT_-1_SPORT_Figure_Skating.jpg
549;0;Marina_GILARDONI_GENDER_Female_COUNTRY_Switzerland_BIRTHDAY_4_March_1987_AGE_26_HEIGHT_1.65_m_WEIGHT_65_kg_SPORT_Skeleton.jpg
550;0;Mae_Berenice_MEITE_GENDER_Female_COUNTRY_France_BIRTHDAY_21_September_1994_AGE_19_HEIGHT_1.68_m_WEIGHT_-1_SPORT_Figure_Skating.jpg
551;0;Maja_VTIC_GENDER_Female_COUNTRY_Slovenia_BIRTHDAY_27_January_1988_AGE_26_HEIGHT_1.67_m_WEIGHT_55_kg_SPORT_Ski_Jumping.jpg
552;1;Lauryn_WILLIAMS_GENDER_Female_COUNTRY_United_States_BIRTHDAY_11_September_1983_AGE_30_HEIGHT_1.60_m_WEIGHT_67_kg_SPORT_Bobsleigh.jpg
553;1;Ayaka_TOKO_GENDER_Female_COUNTRY_Japan_BIRTHDAY_22_August_1994_AGE_19_HEIGHT_1.61_m_WEIGHT_59_kg_SPORT_Ice_Hockey.jpg
554;0;Yekaterina_SHIKHOVA_GENDER_Female_COUNTRY_Russian_Fed._BIRTHDAY_25_June_1985_AGE_28_HEIGHT_1.72_m_WEIGHT_63_kg_SPORT_Speed_Skating.jpg
555;0;Jacky_CHAMOUN_GENDER_Female_COUNTRY_Lebanon_BIRTHDAY_21_October_1991_AGE_22_HEIGHT_1.75_m_WEIGHT_64_kg_SPORT_Alpine_Skiing.jpg
556;1;Alina_MULLER_GENDER_Female_COUNTRY_Switzerland_BIRTHDAY_12_March_1998_AGE_15_HEIGHT_1.62_m_WEIGHT_50_kg_SPORT_Ice_Hockey.jpg
557;1;Maria_POULSEN_GENDER_Female_COUNTRY_Denmark_BIRTHDAY_29_October_1984_AGE_29_HEIGHT_1.65_m_WEIGHT_-1_SPORT_Curling.jpg
558;0;Alina_PAETZ_GENDER_Female_COUNTRY_Switzerland_BIRTHDAY_8_March_1990_AGE_23_HEIGHT_1.69_m_WEIGHT_-1_SPORT_Curling.jpg
559;1;Marion_BERTRAND_GENDER_Female_COUNTRY_France_BIRTHDAY_2_November_1984_AGE_29_HEIGHT_1.63_m_WEIGHT_58_kg_SPORT_Alpine_Skiing.jpg
560;1;Rebecca_SINCLAIR_GENDER_Female_COUNTRY_New_Zealand_BIRTHDAY_11_September_1991_AGE_22_HEIGHT_1.65_m_WEIGHT_62_kg_SPORT_Snowboard.jpg
561;0;Natalia_POPOVA_GENDER_Female_COUNTRY_Ukraine_BIRTHDAY_15_September_1993_AGE_20_HEIGHT_1.68_m_WEIGHT_-1_SPORT_Figure_Skating.jpg
562;1;Silvia_BERTAGNA_GENDER_Female_COUNTRY_Italy_BIRTHDAY_30_November_1986_AGE_27_HEIGHT_1.70_m_WEIGHT_50_kg_SPORT_Freestyle_Skiing.jpg
563;0;Jialin_TANG_GENDER_Female_COUNTRY_China_BIRTHDAY_5_November_1991_AGE_22_HEIGHT_1.68_m_WEIGHT_55_kg_SPORT_Biathlon.jpg
564;0;Lene_NIELSEN_GENDER_Female_COUNTRY_Denmark_BIRTHDAY_31_August_1986_AGE_27_HEIGHT_1.77_m_WEIGHT_-1_SPORT_Curling.jpg
565;1;Anna_CAPPELLINI_GENDER_Female_COUNTRY_Italy_BIRTHDAY_19_February_1987_AGE_26_HEIGHT_1.61_m_WEIGHT_-1_SPORT_Figure_Skating.jpg
566;0;Amelie_KOBER_GENDER_Female_COUNTRY_Germany_BIRTHDAY_16_November_1987_AGE_26_HEIGHT_1.68_m_WEIGHT_56_kg_SPORT_Snowboard.jpg
567;1;Franziska_FRITZ_GENDER_Female_COUNTRY_Germany_BIRTHDAY_3_January_1991_AGE_23_HEIGHT_1.82_m_WEIGHT_81_kg_SPORT_Bobsleigh.jpg
568;0;Brittany_SCHUSSLER_GENDER_Female_COUNTRY_Canada_BIRTHDAY_21_April_1985_AGE_28_HEIGHT_1.70_m_WEIGHT_63_kg_SPORT_Speed_Skating.jpg
569;0;Ewa_KULS_GENDER_Female_COUNTRY_Poland_BIRTHDAY_3_September_1991_AGE_22_HEIGHT_1.77_m_WEIGHT_63_kg_SPORT_Luge.jpg
570;0;Ariane_LAVIGNE_GENDER_Female_COUNTRY_Canada_BIRTHDAY_8_October_1984_AGE_29_HEIGHT_1.70_m_WEIGHT_63_kg_SPORT_Snowboard.jpg
571;0;Charlotte_KALLA_GENDER_Female_COUNTRY_Sweden_BIRTHDAY_22_July_1987_AGE_26_HEIGHT_1.62_m_WEIGHT_59_kg_SPORT_Cross-Country.jpg
572;1;Patrizia_KUMMER_GENDER_Female_COUNTRY_Switzerland_BIRTHDAY_16_October_1987_AGE_26_HEIGHT_1.72_m_WEIGHT_70_kg_SPORT_Snowboard.jpg
573;0;Yelena_DERGACHYOVA_GENDER_Female_COUNTRY_Russian_Fed._BIRTHDAY_8_November_1995_AGE_18_HEIGHT_1.59_m_WEIGHT_55_kg_SPORT_Ice_Hockey.jpg
574;0;Tetyana_ANTYPENKO_GENDER_Female_COUNTRY_Ukraine_BIRTHDAY_24_September_1981_AGE_32_HEIGHT_1.58_m_WEIGHT_55_kg_SPORT_Cross-Country.jpg
575;1;Vesna_FABJAN_GENDER_Female_COUNTRY_Slovenia_BIRTHDAY_13_March_1985_AGE_28_HEIGHT_1.70_m_WEIGHT_62_kg_SPORT_Cross-Country.jpg
576;1;Katrin_MUELLER_GENDER_Female_COUNTRY_Switzerland_BIRTHDAY_31_March_1989_AGE_24_HEIGHT_1.69_m_WEIGHT_69_kg_SPORT_Freestyle_Skiing.jpg
